"COD_ISIN","DES_MOD_INV","FEC_DAT","precio"
"1","CRALDSFL0066","TRP","2020-01-31",70
"2","CRALDSFL0066","TRP","2020-02-29",70
"3","CRALDSFL0066","TRP","2020-03-31",70
"4","CRALDSFL0066","TRP","2020-04-30",70
"5","CRALDSFL0066","TRP","2020-05-31",70
"6","CRALDSFL0066","TRP","2020-06-30",70
"7","CRALDSFL0066","TRP","2020-07-31",70
"8","CRALDSFL0066","TRP","2020-08-31",70
"9","CRALDSFL0066","TRP","2020-09-30",70
"10","CRALDSFL0066","TRP","2020-10-31",70
"11","CRALDSFL0066","TRP","2020-11-30",70
"12","CRALDSFL0066","TRP","2020-12-31",70
"13","CRALDSFL0066","TRP","2021-01-31",68.0847457627119
"14","CRALDSFL0066","TRP","2021-02-28",68.0847457627119
"15","CRALDSFL0066","TRP","2021-03-31",68.0847457627119
"16","CRALDSFL0066","TRP","2021-04-30",68.0847457627119
"17","CRALDSFL0066","TRP","2021-05-31",68.0847457627119
"18","CRALDSFL0066","TRP","2021-06-30",68.0847457627119
"19","CRALDSFL0066","TRP","2021-07-31",68.0847457627119
"20","CRALDSFL0066","TRP","2021-08-31",68.0847457627119
"21","CRALDSFL0066","TRP","2021-09-30",60
"22","CRALDSFL0066","TRP","2021-10-31",60
"23","CRALDSFL0066","TRP","2021-11-30",60
"24","CRALDSFL0066","TRP","2021-12-31",59.6949152542373
"25","CRALDSFL0066","TRP","2022-01-31",59.6949152542373
"26","CRALDSFL0066","TRP","2022-02-28",59.6949152542373
"27","CRALDSFL0066","TRP","2022-03-31",59.6949152542373
"28","CRALDSFL0066","TRP","2022-04-30",59.6949152542373
"29","CRALDSFL0066","TRP","2022-05-31",59.6940169491525
"30","CRALDSFL0066","TRP","2022-06-30",59.6940169491525
"31","CRALDSFL0066","TRP","2022-07-31",59.6940169491525
"32","CRALDSFL0066","TRP","2022-08-31",59.6940169491525
"33","CRALDSFL0066","TRP","2022-09-30",59.6940169491525
"34","CRALDSFL0066","TRP","2022-10-31",59.6940169491525
"35","CRALDSFL0066","TRP","2022-11-30",112.131677966102
"36","CRALDSFL0066","TRP","2022-12-31",103.082152542373
"37","CRALDSFL0066","TRP","2023-01-31",100.975627118644
"38","CRALDSFL0066","TRP","2023-02-28",101.041203389831
"39","CRALDSFL0066","TRP","2023-03-31",101.016050847458
"40","CRALDSFL0066","TRP","2023-04-30",99.0101355932203
"41","CRBCRSFL0011","TRP","2020-01-31",974.66202259292
"42","CRBCRSFL0011","TRP","2020-02-29",1000
"43","CRBCRSFL0011","TRP","2020-03-31",950
"44","CRBCRSFL0011","TRP","2020-04-30",949.76
"45","CRBCRSFL0011","TRP","2020-05-31",949
"46","CRBCRSFL0011","TRP","2020-06-30",846.84
"47","CRBCRSFL0011","TRP","2020-07-31",800
"48","CRBCRSFL0011","TRP","2020-08-31",785
"49","CRBCRSFL0011","TRP","2020-09-30",785
"50","CRBCRSFL0011","TRP","2020-10-31",780
"51","CRBCRSFL0011","TRP","2020-11-30",780
"52","CRBCRSFL0011","TRP","2020-12-31",780
"53","CRBCRSFL0011","TRP","2021-01-31",750
"54","CRBCRSFL0011","TRP","2021-02-28",750
"55","CRBCRSFL0011","TRP","2021-03-31",675
"56","CRBCRSFL0011","TRP","2021-04-30",600
"57","CRBCRSFL0011","TRP","2021-05-31",600
"58","CRBCRSFL0011","TRP","2021-06-30",588.147058823529
"59","CRBCRSFL0011","TRP","2021-07-31",550
"60","CRBCRSFL0011","TRP","2021-08-31",489.224020503704
"61","CRBCRSFL0011","TRP","2021-09-30",464
"62","CRBCRSFL0011","TRP","2021-10-31",451.826838614815
"63","CRBCRSFL0011","TRP","2021-11-30",420
"64","CRBCRSFL0011","TRP","2021-12-31",450
"65","CRBCRSFL0011","TRP","2022-01-31",521.526717557252
"66","CRBCRSFL0011","TRP","2022-02-28",575.641221374046
"67","CRBCRSFL0011","TRP","2022-03-31",573.174787145038
"68","CRBCRSFL0011","TRP","2022-04-30",568.260489954198
"69","CRBCRSFL0011","TRP","2022-05-31",567.95
"70","CRBCRSFL0011","TRP","2022-06-30",567.95
"71","CRBCRSFL0011","TRP","2022-07-31",537.5
"72","CRBCRSFL0011","TRP","2022-08-31",450
"73","CRBCRSFL0011","TRP","2022-09-30",450
"74","CRBCRSFL0011","TRP","2022-10-31",450
"75","CRBCRSFL0011","TRP","2022-11-30",987.416076335878
"76","CRBCRSFL0011","TRP","2022-12-31",390.755038167939
"77","CRBCRSFL0011","TRP","2023-01-31",976.377740458015
"78","CRBCRSFL0011","TRP","2023-02-28",962.486022900763
"79","CRBCRSFL0011","TRP","2023-03-31",965.167709923664
"80","CRBCRSFL0011","TRP","2023-04-30",961.118534351145
"81","CRBCRSFL0029","TRP","2020-01-31",919.5
"82","CRBCRSFL0029","TRP","2020-02-29",923.25
"83","CRBCRSFL0029","TRP","2020-03-31",912.75
"84","CRBCRSFL0029","TRP","2020-04-30",912.5
"85","CRBCRSFL0029","TRP","2020-05-31",900.797872340426
"86","CRBCRSFL0029","TRP","2020-06-30",900
"87","CRBCRSFL0029","TRP","2020-07-31",885
"88","CRBCRSFL0029","TRP","2020-08-31",885
"89","CRBCRSFL0029","TRP","2020-09-30",885
"90","CRBCRSFL0029","TRP","2020-10-31",885
"91","CRBCRSFL0029","TRP","2020-11-30",880
"92","CRBCRSFL0029","TRP","2020-12-31",880
"93","CRBCRSFL0029","TRP","2021-01-31",780
"94","CRBCRSFL0029","TRP","2021-02-28",780
"95","CRBCRSFL0029","TRP","2021-03-31",747.830188679245
"96","CRBCRSFL0029","TRP","2021-04-30",747.830188679245
"97","CRBCRSFL0029","TRP","2021-05-31",747.830188679245
"98","CRBCRSFL0029","TRP","2021-06-30",747.830188679245
"99","CRBCRSFL0029","TRP","2021-07-31",659.150943396226
"100","CRBCRSFL0029","TRP","2021-08-31",613.421601660377
"101","CRBCRSFL0029","TRP","2021-09-30",555.783018867925
"102","CRBCRSFL0029","TRP","2021-10-31",550.552186490566
"103","CRBCRSFL0029","TRP","2021-11-30",473.132075471698
"104","CRBCRSFL0029","TRP","2021-12-31",449.152396326923
"105","CRBCRSFL0029","TRP","2022-01-31",446.296828269231
"106","CRBCRSFL0029","TRP","2022-02-28",425
"107","CRBCRSFL0029","TRP","2022-03-31",427.295918367347
"108","CRBCRSFL0029","TRP","2022-04-30",443.061224489796
"109","CRBCRSFL0029","TRP","2022-05-31",440.816326530612
"110","CRBCRSFL0029","TRP","2022-06-30",455
"111","CRBCRSFL0029","TRP","2022-07-31",455.081632653061
"112","CRBCRSFL0029","TRP","2022-08-31",425
"113","CRBCRSFL0029","TRP","2022-09-30",425
"114","CRBCRSFL0029","TRP","2022-10-31",424.387755102041
"115","CRBCRSFL0029","TRP","2022-11-30",1073.83413265306
"116","CRBCRSFL0029","TRP","2022-12-31",922.817959183673
"117","CRBCRSFL0029","TRP","2023-01-31",1066.91341836735
"118","CRBCRSFL0029","TRP","2023-02-28",1069.16520408163
"119","CRBCRSFL0029","TRP","2023-03-31",1069.42035714286
"120","CRBCRSFL0029","TRP","2023-04-30",959.092040816327
"121","CRBCRSFL0045","TRP","2020-01-31",3480000
"122","CRBCRSFL0045","TRP","2020-02-29",3480000
"123","CRBCRSFL0045","TRP","2020-03-31",3480000
"124","CRBCRSFL0045","TRP","2020-04-30",3480000
"125","CRBCRSFL0045","TRP","2020-05-31",3480000
"126","CRBCRSFL0045","TRP","2020-06-30",3480000
"127","CRBCRSFL0045","TRP","2020-07-31",3480000
"128","CRBCRSFL0045","TRP","2020-08-31",3480000
"129","CRBCRSFL0045","TRP","2020-09-30",3480000
"130","CRBCRSFL0045","TRP","2020-10-31",3480000
"131","CRBCRSFL0045","TRP","2020-11-30",3480000
"132","CRBCRSFL0045","TRP","2020-12-31",3480000
"133","CRBCRSFL0045","TRP","2021-01-31",3480000
"134","CRBCRSFL0045","TRP","2021-02-28",3480000
"135","CRBCRSFL0045","TRP","2021-03-31",3480000
"136","CRBCRSFL0045","TRP","2021-04-30",3480000
"137","CRBCRSFL0045","TRP","2021-05-31",3480000
"138","CRBCRSFL0045","TRP","2021-06-30",3480000
"139","CRBCRSFL0045","TRP","2021-07-31",3480000
"140","CRBCRSFL0045","TRP","2021-08-31",3480000
"141","CRBCRSFL0045","TRP","2021-09-30",3480000
"142","CRBCRSFL0045","TRP","2021-10-31",3480000
"143","CRBCRSFL0045","TRP","2021-11-30",3480000
"144","CRBCRSFL0045","TRP","2021-12-31",3480000
"145","CRBCRSFL0045","TRP","2022-01-31",3480000
"146","CRBCRSFL0045","TRP","2022-02-28",3480000
"147","CRBCRSFL0045","TRP","2022-03-31",3480000
"148","CRBCRSFL0045","TRP","2022-04-30",3480000
"149","CRBCRSFL0045","TRP","2022-05-31",3480000
"150","CRBCRSFL0045","TRP","2022-06-30",3480000
"151","CRBCRSFL0045","TRP","2022-07-31",3480000
"152","CRBCRSFL0045","TRP","2022-08-31",3480000
"153","CRBCRSFL0045","TRP","2022-09-30",3480000
"154","CRBCRSFL0045","TRP","2022-10-31",3480000
"155","CRBCRSFL0045","TRP","2022-11-30",2832119.942
"156","CRBCRSFL0045","TRP","2022-12-31",2805655.788
"157","CRBCRSFL0045","TRP","2023-01-31",2807183.814
"158","CRBCRSFL0045","TRP","2023-02-28",2817496.24
"159","CRBCRSFL0045","TRP","2023-03-31",2709763.438
"160","CRBCRSFL0045","TRP","2023-04-30",2693118.421
"161","CRBNSFIL0290","TRP","2020-01-31",1173
"162","CRBNSFIL0290","TRP","2020-02-29",1186
"163","CRBNSFIL0290","TRP","2020-03-31",1186
"164","CRBNSFIL0290","TRP","2020-04-30",1186
"165","CRBNSFIL0290","TRP","2020-05-31",1186
"166","CRBNSFIL0290","TRP","2020-06-30",1186
"167","CRBNSFIL0290","TRP","2020-07-31",1186
"168","CRBNSFIL0290","TRP","2020-08-31",1212
"169","CRBNSFIL0290","TRP","2020-09-30",1212
"170","CRBNSFIL0290","TRP","2020-10-31",1212
"171","CRBNSFIL0290","TRP","2020-11-30",1219
"172","CRBNSFIL0290","TRP","2020-12-31",1208
"173","CRBNSFIL0290","TRP","2021-01-31",1208
"174","CRBNSFIL0290","TRP","2021-02-28",1208
"175","CRBNSFIL0290","TRP","2021-03-31",1220
"176","CRBNSFIL0290","TRP","2021-04-30",1220
"177","CRBNSFIL0290","TRP","2021-05-31",1220
"178","CRBNSFIL0290","TRP","2021-06-30",1220
"179","CRBNSFIL0290","TRP","2021-07-31",1250
"180","CRBNSFIL0290","TRP","2021-08-31",1250
"181","CRBNSFIL0290","TRP","2021-09-30",1255
"182","CRBNSFIL0290","TRP","2021-10-31",1255
"183","CRBNSFIL0290","TRP","2021-11-30",1278
"184","CRBNSFIL0290","TRP","2021-12-31",1278
"185","CRBNSFIL0290","TRP","2022-01-31",1277.78571428571
"186","CRBNSFIL0290","TRP","2022-02-28",1291
"187","CRBNSFIL0290","TRP","2022-03-31",1292.02428571429
"188","CRBNSFIL0290","TRP","2022-04-30",1299.39
"189","CRBNSFIL0290","TRP","2022-05-31",1299.39
"190","CRBNSFIL0290","TRP","2022-06-30",1313.2
"191","CRBNSFIL0290","TRP","2022-07-31",1313.2
"192","CRBNSFIL0290","TRP","2022-08-31",1313.2
"193","CRBNSFIL0290","TRP","2022-09-30",1315.50142857143
"194","CRBNSFIL0290","TRP","2022-10-31",1330.04
"195","CRBNSFIL0290","TRP","2022-11-30",1499.68185714286
"196","CRBNSFIL0290","TRP","2022-12-31",1505.86242857143
"197","CRBNSFIL0290","TRP","2023-01-31",1499.39114285714
"198","CRBNSFIL0290","TRP","2023-02-28",1509.13342857143
"199","CRBNSFIL0290","TRP","2023-03-31",1516.10228571429
"200","CRBNSFIL0290","TRP","2023-04-30",1507.24785714286
"201","CRFCSFIL0034","TRP","2020-01-31",5680
"202","CRFCSFIL0034","TRP","2020-02-29",5680
"203","CRFCSFIL0034","TRP","2020-03-31",5600
"204","CRFCSFIL0034","TRP","2020-04-30",5600
"205","CRFCSFIL0034","TRP","2020-05-31",5600
"206","CRFCSFIL0034","TRP","2020-06-30",5600
"207","CRFCSFIL0034","TRP","2020-07-31",5600
"208","CRFCSFIL0034","TRP","2020-08-31",5600
"209","CRFCSFIL0034","TRP","2020-09-30",5600
"210","CRFCSFIL0034","TRP","2020-10-31",5600
"211","CRFCSFIL0034","TRP","2020-11-30",5600
"212","CRFCSFIL0034","TRP","2020-12-31",5600
"213","CRFCSFIL0034","TRP","2021-01-31",5500
"214","CRFCSFIL0034","TRP","2021-02-28",5499
"215","CRFCSFIL0034","TRP","2021-03-31",5499
"216","CRFCSFIL0034","TRP","2021-04-30",5499
"217","CRFCSFIL0034","TRP","2021-05-31",5499
"218","CRFCSFIL0034","TRP","2021-06-30",5498
"219","CRFCSFIL0034","TRP","2021-07-31",5498
"220","CRFCSFIL0034","TRP","2021-08-31",5498
"221","CRFCSFIL0034","TRP","2021-09-30",5496
"222","CRFCSFIL0034","TRP","2021-10-31",5496
"223","CRFCSFIL0034","TRP","2021-11-30",5394
"224","CRFCSFIL0034","TRP","2021-12-31",5394
"225","CRFCSFIL0034","TRP","2022-01-31",5392
"226","CRFCSFIL0034","TRP","2022-02-28",5390
"227","CRFCSFIL0034","TRP","2022-03-31",5195
"228","CRFCSFIL0034","TRP","2022-04-30",5195
"229","CRFCSFIL0034","TRP","2022-05-31",5179.34
"230","CRFCSFIL0034","TRP","2022-06-30",5163.86
"231","CRFCSFIL0034","TRP","2022-07-31",5163.86
"232","CRFCSFIL0034","TRP","2022-08-31",5163.86
"233","CRFCSFIL0034","TRP","2022-09-30",5163.86
"234","CRFCSFIL0034","TRP","2022-10-31",4625
"235","CRFCSFIL0034","TRP","2022-11-30",5201.437
"236","CRFCSFIL0034","TRP","2022-12-31",4814.352
"237","CRFCSFIL0034","TRP","2023-01-31",4650
"238","CRFCSFIL0034","TRP","2023-02-28",4650
"239","CRFCSFIL0034","TRP","2023-03-31",4683.055
"240","CRFCSFIL0034","TRP","2023-04-30",4650
"241","CRFGSFIL0014","TRP","2020-01-31",5029
"242","CRFGSFIL0014","TRP","2020-02-29",5014
"243","CRFGSFIL0014","TRP","2020-03-31",5000
"244","CRFGSFIL0014","TRP","2020-04-30",5000
"245","CRFGSFIL0014","TRP","2020-05-31",5000
"246","CRFGSFIL0014","TRP","2020-06-30",4995
"247","CRFGSFIL0014","TRP","2020-07-31",4975
"248","CRFGSFIL0014","TRP","2020-08-31",4966.45205479452
"249","CRFGSFIL0014","TRP","2020-09-30",4966.45205479452
"250","CRFGSFIL0014","TRP","2020-10-31",4965.13698630137
"251","CRFGSFIL0014","TRP","2020-11-30",4945
"252","CRFGSFIL0014","TRP","2020-12-31",4840
"253","CRFGSFIL0014","TRP","2021-01-31",4800
"254","CRFGSFIL0014","TRP","2021-02-28",4742
"255","CRFGSFIL0014","TRP","2021-03-31",4741.69594594595
"256","CRFGSFIL0014","TRP","2021-04-30",4720
"257","CRFGSFIL0014","TRP","2021-05-31",4720
"258","CRFGSFIL0014","TRP","2021-06-30",4600
"259","CRFGSFIL0014","TRP","2021-07-31",4600
"260","CRFGSFIL0014","TRP","2021-08-31",4599.39189189189
"261","CRFGSFIL0014","TRP","2021-09-30",4553.48446510811
"262","CRFGSFIL0014","TRP","2021-10-31",4500
"263","CRFGSFIL0014","TRP","2021-11-30",4350
"264","CRFGSFIL0014","TRP","2021-12-31",4300
"265","CRFGSFIL0014","TRP","2022-01-31",4215.2027027027
"266","CRFGSFIL0014","TRP","2022-02-28",4199.99695945946
"267","CRFGSFIL0014","TRP","2022-03-31",4115.8445945946
"268","CRFGSFIL0014","TRP","2022-04-30",4090
"269","CRFGSFIL0014","TRP","2022-05-31",4089.99
"270","CRFGSFIL0014","TRP","2022-06-30",3998
"271","CRFGSFIL0014","TRP","2022-07-31",3998
"272","CRFGSFIL0014","TRP","2022-08-31",3998
"273","CRFGSFIL0014","TRP","2022-09-30",3900
"274","CRFGSFIL0014","TRP","2022-10-31",3900
"275","CRFGSFIL0014","TRP","2022-11-30",5454.06397297297
"276","CRFGSFIL0014","TRP","2022-12-31",5075.54057534247
"277","CRFGSFIL0014","TRP","2023-01-31",4593.60808219178
"278","CRFGSFIL0014","TRP","2023-02-28",4479.74819178082
"279","CRFGSFIL0014","TRP","2023-03-31",4475.88035862069
"280","CRFGSFIL0014","TRP","2023-04-30",4449.28353103448
"281","CRFGSFIL0030","TRP","2020-01-31",3868
"282","CRFGSFIL0030","TRP","2020-02-29",3937.36428196
"283","CRFGSFIL0030","TRP","2020-03-31",3934.6672
"284","CRFGSFIL0030","TRP","2020-04-30",3934.6672
"285","CRFGSFIL0030","TRP","2020-05-31",3934.6672
"286","CRFGSFIL0030","TRP","2020-06-30",3934.6672
"287","CRFGSFIL0030","TRP","2020-07-31",3918.0004
"288","CRFGSFIL0030","TRP","2020-08-31",3917.47813084112
"289","CRFGSFIL0030","TRP","2020-09-30",3917.47813084112
"290","CRFGSFIL0030","TRP","2020-10-31",3917.47813084112
"291","CRFGSFIL0030","TRP","2020-11-30",3922
"292","CRFGSFIL0030","TRP","2020-12-31",3875
"293","CRFGSFIL0030","TRP","2021-01-31",3825
"294","CRFGSFIL0030","TRP","2021-02-28",3680
"295","CRFGSFIL0030","TRP","2021-03-31",3680
"296","CRFGSFIL0030","TRP","2021-04-30",3635
"297","CRFGSFIL0030","TRP","2021-05-31",3557.99
"298","CRFGSFIL0030","TRP","2021-06-30",3557.95
"299","CRFGSFIL0030","TRP","2021-07-31",3555
"300","CRFGSFIL0030","TRP","2021-08-31",3555
"301","CRFGSFIL0030","TRP","2021-09-30",3555
"302","CRFGSFIL0030","TRP","2021-10-31",3555
"303","CRFGSFIL0030","TRP","2021-11-30",3508.60728311111
"304","CRFGSFIL0030","TRP","2021-12-31",3476.76767676768
"305","CRFGSFIL0030","TRP","2022-01-31",3423.23232323232
"306","CRFGSFIL0030","TRP","2022-02-28",3400
"307","CRFGSFIL0030","TRP","2022-03-31",3400
"308","CRFGSFIL0030","TRP","2022-04-30",3397.15053763441
"309","CRFGSFIL0030","TRP","2022-05-31",3399.99
"310","CRFGSFIL0030","TRP","2022-06-30",3398.70612903226
"311","CRFGSFIL0030","TRP","2022-07-31",3398.70612903226
"312","CRFGSFIL0030","TRP","2022-08-31",3398.70612903226
"313","CRFGSFIL0030","TRP","2022-09-30",3398.70967741935
"314","CRFGSFIL0030","TRP","2022-10-31",3398.70967741935
"315","CRFGSFIL0030","TRP","2022-11-30",5027
"316","CRFGSFIL0030","TRP","2022-12-31",5010.91164583333
"317","CRFGSFIL0030","TRP","2023-01-31",5016.014125
"318","CRFGSFIL0030","TRP","2023-02-28",4995
"319","CRFGSFIL0030","TRP","2023-03-31",4949.921625
"320","CRFGSFIL0030","TRP","2023-04-30",4949.70785416667
"321","CRFIFCOA0015","TRP","2020-01-31",660
"322","CRFIFCOA0015","TRP","2020-02-29",685
"323","CRFIFCOA0015","TRP","2020-03-31",600
"324","CRFIFCOA0015","TRP","2020-04-30",600
"325","CRFIFCOA0015","TRP","2020-05-31",564
"326","CRFIFCOA0015","TRP","2020-06-30",430.647589
"327","CRFIFCOA0015","TRP","2020-07-31",515
"328","CRFIFCOA0015","TRP","2020-08-31",535
"329","CRFIFCOA0015","TRP","2020-09-30",550
"330","CRFIFCOA0015","TRP","2020-10-31",549.99
"331","CRFIFCOA0015","TRP","2020-11-30",543.96
"332","CRFIFCOA0015","TRP","2020-12-31",537.47
"333","CRFIFCOA0015","TRP","2021-01-31",527.99
"334","CRFIFCOA0015","TRP","2021-02-28",525
"335","CRFIFCOA0015","TRP","2021-03-31",524.75
"336","CRFIFCOA0015","TRP","2021-04-30",519
"337","CRFIFCOA0015","TRP","2021-05-31",547.390735
"338","CRFIFCOA0015","TRP","2021-06-30",573
"339","CRFIFCOA0015","TRP","2021-07-31",601
"340","CRFIFCOA0015","TRP","2021-08-31",759.479792
"341","CRFIFCOA0015","TRP","2021-09-30",749
"342","CRFIFCOA0015","TRP","2021-10-31",726
"343","CRFIFCOA0015","TRP","2021-11-30",735
"344","CRFIFCOA0015","TRP","2021-12-31",735
"345","CRFIFCOA0015","TRP","2022-01-31",730
"346","CRFIFCOA0015","TRP","2022-02-28",736.78
"347","CRFIFCOA0015","TRP","2022-03-31",785
"348","CRFIFCOA0015","TRP","2022-04-30",787.25
"349","CRFIFCOA0015","TRP","2022-05-31",787.25
"350","CRFIFCOA0015","TRP","2022-06-30",775.39
"351","CRFIFCOA0015","TRP","2022-07-31",744.4
"352","CRFIFCOA0015","TRP","2022-08-31",738.94
"353","CRFIFCOA0015","TRP","2022-09-30",736.4
"354","CRFIFCOA0015","TRP","2022-10-31",737.42
"355","CRFIFCOA0015","TRP","2022-11-30",691.996466
"356","CRFIFCOA0015","TRP","2022-12-31",664.99
"357","CRFIFCOA0015","TRP","2023-01-31",660
"358","CRFIFCOA0015","TRP","2023-02-28",665
"359","CRFIFCOA0015","TRP","2023-03-31",664
"360","CRFIFCOA0015","TRP","2023-04-30",658
"361","CRGIMP0P0073","TRP","2020-01-31",74
"362","CRGIMP0P0073","TRP","2020-02-29",74
"363","CRGIMP0P0073","TRP","2020-03-31",74
"364","CRGIMP0P0073","TRP","2020-04-30",74
"365","CRGIMP0P0073","TRP","2020-05-31",69.95
"366","CRGIMP0P0073","TRP","2020-06-30",69.95
"367","CRGIMP0P0073","TRP","2020-07-31",69.95
"368","CRGIMP0P0073","TRP","2020-08-31",69.95
"369","CRGIMP0P0073","TRP","2020-09-30",69.95
"370","CRGIMP0P0073","TRP","2020-10-31",69.95
"371","CRGIMP0P0073","TRP","2020-11-30",69.95
"372","CRGIMP0P0073","TRP","2020-12-31",69.95
"373","CRGIMP0P0073","TRP","2021-01-31",69.95
"374","CRGIMP0P0073","TRP","2021-02-28",69.95
"375","CRGIMP0P0073","TRP","2021-03-31",69.95
"376","CRGIMP0P0073","TRP","2021-04-30",69.95
"377","CRGIMP0P0073","TRP","2021-05-31",69.95
"378","CRGIMP0P0073","TRP","2021-06-30",68.9
"379","CRGIMP0P0073","TRP","2021-07-31",68.95
"380","CRGIMP0P0073","TRP","2021-08-31",68.95
"381","CRGIMP0P0073","TRP","2021-09-30",68.95
"382","CRGIMP0P0073","TRP","2021-10-31",69.5
"383","CRGIMP0P0073","TRP","2021-11-30",69.5
"384","CRGIMP0P0073","TRP","2021-12-31",69.5
"385","CRGIMP0P0073","TRP","2022-01-31",70
"386","CRGIMP0P0073","TRP","2022-02-28",69
"387","CRGIMP0P0073","TRP","2022-03-31",68.75
"388","CRGIMP0P0073","TRP","2022-04-30",69
"389","CRGIMP0P0073","TRP","2022-05-31",69
"390","CRGIMP0P0073","TRP","2022-06-30",69
"391","CRGIMP0P0073","TRP","2022-07-31",69
"392","CRGIMP0P0073","TRP","2022-08-31",69
"393","CRGIMP0P0073","TRP","2022-09-30",69
"394","CRGIMP0P0073","TRP","2022-10-31",69
"395","CRGIMP0P0073","TRP","2022-11-30",69
"396","CRGIMP0P0073","TRP","2022-12-31",69
"397","CRGIMP0P0073","TRP","2023-01-31",69
"398","CRGIMP0P0073","TRP","2023-02-28",69
"399","CRGIMP0P0073","TRP","2023-03-31",68.97
"400","CRGIMP0P0073","TRP","2023-04-30",68.97
"401","CRGIMP0P0081","TRP","2020-01-31",101.15
"402","CRGIMP0P0081","TRP","2020-02-29",101.15
"403","CRGIMP0P0081","TRP","2020-03-31",100.99
"404","CRGIMP0P0081","TRP","2020-04-30",100.99
"405","CRGIMP0P0081","TRP","2020-05-31",100.99
"406","CRGIMP0P0081","TRP","2020-06-30",100.99
"407","CRGIMP0P0081","TRP","2020-07-31",100.99
"408","CRGIMP0P0081","TRP","2020-08-31",101
"409","CRGIMP0P0081","TRP","2020-09-30",101
"410","CRGIMP0P0081","TRP","2020-10-31",101
"411","CRGIMP0P0081","TRP","2020-11-30",101
"412","CRGIMP0P0081","TRP","2020-12-31",100.75
"413","CRGIMP0P0081","TRP","2021-01-31",100.75
"414","CRGIMP0P0081","TRP","2021-02-28",100.75
"415","CRGIMP0P0081","TRP","2021-03-31",100.75
"416","CRGIMP0P0081","TRP","2021-04-30",100.75
"417","CRGIMP0P0081","TRP","2021-05-31",100.75
"418","CRGIMP0P0081","TRP","2021-06-30",100.75
"419","CRGIMP0P0081","TRP","2021-07-31",100.75
"420","CRGIMP0P0081","TRP","2021-08-31",100.75
"421","CRGIMP0P0081","TRP","2021-09-30",100.75
"422","CRGIMP0P0081","TRP","2021-10-31",100.75
"423","CRGIMP0P0081","TRP","2021-11-30",100.75
"424","CRGIMP0P0081","TRP","2021-12-31",100.75
"425","CRGIMP0P0081","TRP","2022-01-31",100.74
"426","CRGIMP0P0081","TRP","2022-02-28",100.74
"427","CRGIMP0P0081","TRP","2022-03-31",100.74
"428","CRGIMP0P0081","TRP","2022-04-30",100.74
"429","CRGIMP0P0081","TRP","2022-05-31",100.74
"430","CRGIMP0P0081","TRP","2022-06-30",100.74
"431","CRGIMP0P0081","TRP","2022-07-31",100.74
"432","CRGIMP0P0081","TRP","2022-08-31",100.74
"433","CRGIMP0P0081","TRP","2022-09-30",100.74
"434","CRGIMP0P0081","TRP","2022-10-31",100.74
"435","CRGIMP0P0081","TRP","2022-11-30",100.74
"436","CRGIMP0P0081","TRP","2022-12-31",100.74
"437","CRGIMP0P0081","TRP","2023-01-31",100.74
"438","CRGIMP0P0081","TRP","2023-02-28",100.74
"439","CRGIMP0P0081","TRP","2023-03-31",100.74
"440","CRGIMP0P0081","TRP","2023-04-30",100.74
"441","CRINSSFL0028","TRP","2020-01-31",2125
"442","CRINSSFL0028","TRP","2020-02-29",2125
"443","CRINSSFL0028","TRP","2020-03-31",2125
"444","CRINSSFL0028","TRP","2020-04-30",2100
"445","CRINSSFL0028","TRP","2020-05-31",2100
"446","CRINSSFL0028","TRP","2020-06-30",2100
"447","CRINSSFL0028","TRP","2020-07-31",2100
"448","CRINSSFL0028","TRP","2020-08-31",2100
"449","CRINSSFL0028","TRP","2020-09-30",2100
"450","CRINSSFL0028","TRP","2020-10-31",2100
"451","CRINSSFL0028","TRP","2020-11-30",2100
"452","CRINSSFL0028","TRP","2020-12-31",2100
"453","CRINSSFL0028","TRP","2021-01-31",2100
"454","CRINSSFL0028","TRP","2021-02-28",2100
"455","CRINSSFL0028","TRP","2021-03-31",2100
"456","CRINSSFL0028","TRP","2021-04-30",2100
"457","CRINSSFL0028","TRP","2021-05-31",2100
"458","CRINSSFL0028","TRP","2021-06-30",2100
"459","CRINSSFL0028","TRP","2021-07-31",2100
"460","CRINSSFL0028","TRP","2021-08-31",2100
"461","CRINSSFL0028","TRP","2021-09-30",2100
"462","CRINSSFL0028","TRP","2021-10-31",2100
"463","CRINSSFL0028","TRP","2021-11-30",2100
"464","CRINSSFL0028","TRP","2021-12-31",2100
"465","CRINSSFL0028","TRP","2022-01-31",2100
"466","CRINSSFL0028","TRP","2022-02-28",2100
"467","CRINSSFL0028","TRP","2022-03-31",2100
"468","CRINSSFL0028","TRP","2022-04-30",2100
"469","CRINSSFL0028","TRP","2022-05-31",2100
"470","CRINSSFL0028","TRP","2022-06-30",2100
"471","CRINSSFL0028","TRP","2022-07-31",2100
"472","CRINSSFL0028","TRP","2022-08-31",2100
"473","CRINSSFL0028","TRP","2022-09-30",2100
"474","CRINSSFL0028","TRP","2022-10-31",2100
"475","CRINSSFL0028","TRP","2022-11-30",2039.324
"476","CRINSSFL0028","TRP","2022-12-31",2034.632
"477","CRINSSFL0028","TRP","2023-01-31",2025.846
"478","CRINSSFL0028","TRP","2023-02-28",2002.116
"479","CRINSSFL0028","TRP","2023-03-31",2000
"480","CRINSSFL0028","TRP","2023-04-30",2000
"481","CRINTSFL0134","TRP","2020-01-31",3447
"482","CRINTSFL0134","TRP","2020-02-29",3447
"483","CRINTSFL0134","TRP","2020-03-31",3382.67
"484","CRINTSFL0134","TRP","2020-04-30",3350
"485","CRINTSFL0134","TRP","2020-05-31",3350
"486","CRINTSFL0134","TRP","2020-06-30",3100
"487","CRINTSFL0134","TRP","2020-07-31",3100
"488","CRINTSFL0134","TRP","2020-08-31",3100
"489","CRINTSFL0134","TRP","2020-09-30",3100
"490","CRINTSFL0134","TRP","2020-10-31",3100
"491","CRINTSFL0134","TRP","2020-11-30",3100
"492","CRINTSFL0134","TRP","2020-12-31",3100
"493","CRINTSFL0134","TRP","2021-01-31",3100
"494","CRINTSFL0134","TRP","2021-02-28",3100
"495","CRINTSFL0134","TRP","2021-03-31",3100
"496","CRINTSFL0134","TRP","2021-04-30",3100
"497","CRINTSFL0134","TRP","2021-05-31",3100
"498","CRINTSFL0134","TRP","2021-06-30",3100
"499","CRINTSFL0134","TRP","2021-07-31",3100
"500","CRINTSFL0134","TRP","2021-08-31",3100
"501","CRINTSFL0134","TRP","2021-09-30",3100
"502","CRINTSFL0134","TRP","2021-10-31",3100
"503","CRINTSFL0134","TRP","2021-11-30",3100
"504","CRINTSFL0134","TRP","2021-12-31",3100
"505","CRINTSFL0134","TRP","2022-01-31",3100
"506","CRINTSFL0134","TRP","2022-02-28",3100
"507","CRINTSFL0134","TRP","2022-03-31",3100
"508","CRINTSFL0134","TRP","2022-04-30",3100
"509","CRINTSFL0134","TRP","2022-05-31",3100
"510","CRINTSFL0134","TRP","2022-06-30",3100
"511","CRINTSFL0134","TRP","2022-07-31",3100
"512","CRINTSFL0134","TRP","2022-08-31",3100
"513","CRINTSFL0134","TRP","2022-09-30",3100
"514","CRINTSFL0134","TRP","2022-10-31",3100
"515","CRINTSFL0134","TRP","2022-11-30",3100
"516","CRINTSFL0134","TRP","2022-12-31",3100
"517","CRINTSFL0134","TRP","2023-01-31",3100
"518","CRINTSFL0134","TRP","2023-02-28",3100
"519","CRINTSFL0134","TRP","2023-03-31",3100
"520","CRINTSFL0134","TRP","2023-04-30",3100
"521","CRMSAFIM0044","TRP","2020-01-31",1003380
"522","CRMSAFIM0044","TRP","2020-02-29",1003380
"523","CRMSAFIM0044","TRP","2020-03-31",1003380
"524","CRMSAFIM0044","TRP","2020-04-30",1003380
"525","CRMSAFIM0044","TRP","2020-05-31",1003380
"526","CRMSAFIM0044","TRP","2020-06-30",1003380
"527","CRMSAFIM0044","TRP","2020-07-31",1003380
"528","CRMSAFIM0044","TRP","2020-08-31",1003380
"529","CRMSAFIM0044","TRP","2020-09-30",1003380
"530","CRMSAFIM0044","TRP","2020-10-31",1003380
"531","CRMSAFIM0044","TRP","2020-11-30",1003380
"532","CRMSAFIM0044","TRP","2020-12-31",1003380
"533","CRMSAFIM0044","TRP","2021-01-31",1003380
"534","CRMSAFIM0044","TRP","2021-02-28",1003380
"535","CRMSAFIM0044","TRP","2021-03-31",1003380
"536","CRMSAFIM0044","TRP","2021-04-30",1003380
"537","CRMSAFIM0044","TRP","2021-05-31",1003380
"538","CRMSAFIM0044","TRP","2021-06-30",1003380
"539","CRMSAFIM0044","TRP","2021-07-31",1003380
"540","CRMSAFIM0044","TRP","2021-08-31",1003380
"541","CRMSAFIM0044","TRP","2021-09-30",1003380
"542","CRMSAFIM0044","TRP","2021-10-31",1003380
"543","CRMSAFIM0044","TRP","2021-11-30",1003380
"544","CRMSAFIM0044","TRP","2021-12-31",1003380
"545","CRMSAFIM0044","TRP","2022-01-31",1003380
"546","CRMSAFIM0044","TRP","2022-02-28",1003380
"547","CRMSAFIM0044","TRP","2022-03-31",1003380
"548","CRMSAFIM0044","TRP","2022-04-30",1003380
"549","CRMSAFIM0044","TRP","2022-05-31",1003380
"550","CRMSAFIM0044","TRP","2022-06-30",1003380
"551","CRMSAFIM0044","TRP","2022-07-31",1003380
"552","CRMSAFIM0044","TRP","2022-08-31",1003380
"553","CRMSAFIM0044","TRP","2022-09-30",1003380
"554","CRMSAFIM0044","TRP","2022-10-31",1003380
"555","CRMSAFIM0044","TRP","2022-11-30",1006137.109
"556","CRMSAFIM0044","TRP","2022-12-31",1005831.438
"557","CRMSAFIM0044","TRP","2023-01-31",1011642.919
"558","CRMSAFIM0044","TRP","2023-02-28",1016485.403
"559","CRMSAFIM0044","TRP","2023-03-31",1007870.178
"560","CRMSAFIM0044","TRP","2023-04-30",1014254.975
"561","CRMULTIH0022","TRP","2020-01-31",99.7
"562","CRMULTIH0022","TRP","2020-02-29",0.9985
"563","CRMULTIH0022","TRP","2020-03-31",0.9985
"564","CRMULTIH0022","TRP","2020-04-30",0.9985
"565","CRMULTIH0022","TRP","2020-05-31",0.9985
"566","CRMULTIH0022","TRP","2020-06-30",0.9985
"567","CRMULTIH0022","TRP","2020-07-31",93.86
"568","CRMULTIH0022","TRP","2020-08-31",93
"569","CRMULTIH0022","TRP","2020-09-30",93
"570","CRMULTIH0022","TRP","2020-10-31",93
"571","CRMULTIH0022","TRP","2020-11-30",93
"572","CRMULTIH0022","TRP","2020-12-31",93
"573","CRMULTIH0022","TRP","2021-01-31",93
"574","CRMULTIH0022","TRP","2021-02-28",93
"575","CRMULTIH0022","TRP","2021-03-31",93
"576","CRMULTIH0022","TRP","2021-04-30",93
"577","CRMULTIH0022","TRP","2021-05-31",93
"578","CRMULTIH0022","TRP","2021-06-30",95
"579","CRMULTIH0022","TRP","2021-07-31",95
"580","CRMULTIH0022","TRP","2021-08-31",98
"581","CRMULTIH0022","TRP","2021-09-30",98
"582","CRMULTIH0022","TRP","2021-10-31",98
"583","CRMULTIH0022","TRP","2021-11-30",98
"584","CRMULTIH0022","TRP","2021-12-31",98.1
"585","CRMULTIH0022","TRP","2022-01-31",98.1
"586","CRMULTIH0022","TRP","2022-02-28",98.9
"587","CRMULTIH0022","TRP","2022-03-31",98.01
"588","CRMULTIH0022","TRP","2022-04-30",98.01
"589","CRMULTIH0022","TRP","2022-05-31",98.5
"590","CRMULTIH0022","TRP","2022-06-30",98.5
"591","CRMULTIH0022","TRP","2022-07-31",98.5
"592","CRMULTIH0022","TRP","2022-08-31",98.5
"593","CRMULTIH0022","TRP","2022-09-30",100
"594","CRMULTIH0022","TRP","2022-10-31",100.5
"595","CRMULTIH0022","TRP","2022-11-30",98
"596","CRMULTIH0022","TRP","2022-12-31",98.5
"597","CRMULTIH0022","TRP","2023-01-31",99
"598","CRMULTIH0022","TRP","2023-02-28",99
"599","CRMULTIH0022","TRP","2023-03-31",99
"600","CRMULTIH0022","TRP","2023-04-30",99
"601","CRMULTIH0030","TRP","2020-01-31",1000.28
"602","CRMULTIH0030","TRP","2020-02-29",1000.28
"603","CRMULTIH0030","TRP","2020-03-31",1000.28
"604","CRMULTIH0030","TRP","2020-04-30",1000
"605","CRMULTIH0030","TRP","2020-05-31",1000
"606","CRMULTIH0030","TRP","2020-06-30",1000
"607","CRMULTIH0030","TRP","2020-07-31",1000
"608","CRMULTIH0030","TRP","2020-08-31",1002.59
"609","CRMULTIH0030","TRP","2020-09-30",1002.59
"610","CRMULTIH0030","TRP","2020-10-31",1003.19
"611","CRMULTIH0030","TRP","2020-11-30",1001.08
"612","CRMULTIH0030","TRP","2020-12-31",1004.73
"613","CRMULTIH0030","TRP","2021-01-31",1003.87
"614","CRMULTIH0030","TRP","2021-02-28",1003.17
"615","CRMULTIH0030","TRP","2021-03-31",1001.64
"616","CRMULTIH0030","TRP","2021-04-30",1001.64
"617","CRMULTIH0030","TRP","2021-05-31",1002.35
"618","CRMULTIH0030","TRP","2021-06-30",1004.46
"619","CRMULTIH0030","TRP","2021-07-31",1004.52
"620","CRMULTIH0030","TRP","2021-08-31",1003.83
"621","CRMULTIH0030","TRP","2021-09-30",1005.55
"622","CRMULTIH0030","TRP","2021-10-31",1005.23
"623","CRMULTIH0030","TRP","2021-11-30",1000.62
"624","CRMULTIH0030","TRP","2021-12-31",1004.31
"625","CRMULTIH0030","TRP","2022-01-31",1003.29
"626","CRMULTIH0030","TRP","2022-02-28",1004.53
"627","CRMULTIH0030","TRP","2022-03-31",1003.48
"628","CRMULTIH0030","TRP","2022-04-30",997.467
"629","CRMULTIH0030","TRP","2022-05-31",991.521
"630","CRMULTIH0030","TRP","2022-06-30",1003.37
"631","CRMULTIH0030","TRP","2022-07-31",1002.42
"632","CRMULTIH0030","TRP","2022-08-31",1005.41
"633","CRMULTIH0030","TRP","2022-09-30",1001.54
"634","CRMULTIH0030","TRP","2022-10-31",995.752
"635","CRMULTIH0030","TRP","2022-11-30",980
"636","CRMULTIH0030","TRP","2022-12-31",980
"637","CRMULTIH0030","TRP","2023-01-31",980
"638","CRMULTIH0030","TRP","2023-02-28",980
"639","CRMULTIH0030","TRP","2023-03-31",980
"640","CRMULTIH0030","TRP","2023-04-30",980
"641","CRMULTIL0018","TRP","2020-01-31",5121
"642","CRMULTIL0018","TRP","2020-02-29",5121
"643","CRMULTIL0018","TRP","2020-03-31",5175.08
"644","CRMULTIL0018","TRP","2020-04-30",5125
"645","CRMULTIL0018","TRP","2020-05-31",4910
"646","CRMULTIL0018","TRP","2020-06-30",4700
"647","CRMULTIL0018","TRP","2020-07-31",4700
"648","CRMULTIL0018","TRP","2020-08-31",4700
"649","CRMULTIL0018","TRP","2020-09-30",4688.70192307692
"650","CRMULTIL0018","TRP","2020-10-31",4675
"651","CRMULTIL0018","TRP","2020-11-30",4675
"652","CRMULTIL0018","TRP","2020-12-31",4675
"653","CRMULTIL0018","TRP","2021-01-31",4675
"654","CRMULTIL0018","TRP","2021-02-28",4675
"655","CRMULTIL0018","TRP","2021-03-31",4675
"656","CRMULTIL0018","TRP","2021-04-30",4675
"657","CRMULTIL0018","TRP","2021-05-31",4675
"658","CRMULTIL0018","TRP","2021-06-30",4675
"659","CRMULTIL0018","TRP","2021-07-31",4787.934094925
"660","CRMULTIL0018","TRP","2021-08-31",4800
"661","CRMULTIL0018","TRP","2021-09-30",4800
"662","CRMULTIL0018","TRP","2021-10-31",4800
"663","CRMULTIL0018","TRP","2021-11-30",4799
"664","CRMULTIL0018","TRP","2021-12-31",4799
"665","CRMULTIL0018","TRP","2022-01-31",4798.99
"666","CRMULTIL0018","TRP","2022-02-28",4799
"667","CRMULTIL0018","TRP","2022-03-31",4799
"668","CRMULTIL0018","TRP","2022-04-30",4799
"669","CRMULTIL0018","TRP","2022-05-31",4799
"670","CRMULTIL0018","TRP","2022-06-30",4799
"671","CRMULTIL0018","TRP","2022-07-31",4799
"672","CRMULTIL0018","TRP","2022-08-31",4799
"673","CRMULTIL0018","TRP","2022-09-30",4799
"674","CRMULTIL0018","TRP","2022-10-31",4799
"675","CRMULTIL0018","TRP","2022-11-30",4799
"676","CRMULTIL0018","TRP","2022-12-31",4897.14385057471
"677","CRMULTIL0018","TRP","2023-01-31",4799
"678","CRMULTIL0018","TRP","2023-02-28",4785
"679","CRMULTIL0018","TRP","2023-03-31",4735
"680","CRMULTIL0018","TRP","2023-04-30",4761.16616091954
"681","CRPRSFIL0019","TRP","2020-01-31",5031.55
"682","CRPRSFIL0019","TRP","2020-02-29",5059.19
"683","CRPRSFIL0019","TRP","2020-03-31",5074.31
"684","CRPRSFIL0019","TRP","2020-04-30",5025.4
"685","CRPRSFIL0019","TRP","2020-05-31",5039.2
"686","CRPRSFIL0019","TRP","2020-06-30",5046.32
"687","CRPRSFIL0019","TRP","2020-07-31",5026.44
"688","CRPRSFIL0019","TRP","2020-08-31",5028.63
"689","CRPRSFIL0019","TRP","2020-09-30",5088.22
"690","CRPRSFIL0019","TRP","2020-10-31",5045.95
"691","CRPRSFIL0019","TRP","2020-11-30",5062.67
"692","CRPRSFIL0019","TRP","2020-12-31",5087.52
"693","CRPRSFIL0019","TRP","2021-01-31",5055.57
"694","CRPRSFIL0019","TRP","2021-02-28",5073.95
"695","CRPRSFIL0019","TRP","2021-03-31",5093.63
"696","CRPRSFIL0019","TRP","2021-04-30",5079.6
"697","CRPRSFIL0019","TRP","2021-05-31",5096.37
"698","CRPRSFIL0019","TRP","2021-06-30",5114.77
"699","CRPRSFIL0019","TRP","2021-07-31",5065.03
"700","CRPRSFIL0019","TRP","2021-08-31",5077.38
"701","CRPRSFIL0019","TRP","2021-09-30",5090.51
"702","CRPRSFIL0019","TRP","2021-10-31",5062.94
"703","CRPRSFIL0019","TRP","2021-11-30",5080.68
"704","CRPRSFIL0019","TRP","2021-12-31",5100.11
"705","CRPRSFIL0019","TRP","2022-01-31",5073.31
"706","CRPRSFIL0019","TRP","2022-02-28",5095.33
"707","CRPRSFIL0019","TRP","2022-03-31",5100.83
"708","CRPRSFIL0019","TRP","2022-04-30",5060.75
"709","CRPRSFIL0019","TRP","2022-05-31",5083.04
"710","CRPRSFIL0019","TRP","2022-06-30",5101.44
"711","CRPRSFIL0019","TRP","2022-07-31",5051.97
"712","CRPRSFIL0019","TRP","2022-08-31",5076.66
"713","CRPRSFIL0019","TRP","2022-09-30",5087.23
"714","CRPRSFIL0019","TRP","2022-10-31",5045.7
"715","CRPRSFIL0019","TRP","2022-11-30",5080.36
"716","CRPRSFIL0019","TRP","2022-12-31",5096.14
"717","CRPRSFIL0019","TRP","2023-01-31",5061
"718","CRPRSFIL0019","TRP","2023-02-28",5069.45
"719","CRPRSFIL0019","TRP","2023-03-31",5087.62
"720","CRPRSFIL0019","TRP","2023-04-30",5061.55
"721","CRPSFI0L0027","TRP","2020-01-31",4500
"722","CRPSFI0L0027","TRP","2020-02-29",4500
"723","CRPSFI0L0027","TRP","2020-03-31",4500
"724","CRPSFI0L0027","TRP","2020-04-30",4500
"725","CRPSFI0L0027","TRP","2020-05-31",4500
"726","CRPSFI0L0027","TRP","2020-06-30",4500
"727","CRPSFI0L0027","TRP","2020-07-31",4500
"728","CRPSFI0L0027","TRP","2020-08-31",4500
"729","CRPSFI0L0027","TRP","2020-09-30",4500
"730","CRPSFI0L0027","TRP","2020-10-31",4500
"731","CRPSFI0L0027","TRP","2020-11-30",4500
"732","CRPSFI0L0027","TRP","2020-12-31",4500
"733","CRPSFI0L0027","TRP","2021-01-31",4500
"734","CRPSFI0L0027","TRP","2021-02-28",4500
"735","CRPSFI0L0027","TRP","2021-03-31",4500
"736","CRPSFI0L0027","TRP","2021-04-30",4500
"737","CRPSFI0L0027","TRP","2021-05-31",4500
"738","CRPSFI0L0027","TRP","2021-06-30",4500
"739","CRPSFI0L0027","TRP","2021-07-31",4500
"740","CRPSFI0L0027","TRP","2021-08-31",4500
"741","CRPSFI0L0027","TRP","2021-09-30",4500
"742","CRPSFI0L0027","TRP","2021-10-31",4500
"743","CRPSFI0L0027","TRP","2021-11-30",4500
"744","CRPSFI0L0027","TRP","2021-12-31",4500
"745","CRPSFI0L0027","TRP","2022-01-31",4500
"746","CRPSFI0L0027","TRP","2022-02-28",4500
"747","CRPSFI0L0027","TRP","2022-03-31",4500
"748","CRPSFI0L0027","TRP","2022-04-30",4500
"749","CRPSFI0L0027","TRP","2022-05-31",4485.963
"750","CRPSFI0L0027","TRP","2022-06-30",4471.103
"751","CRPSFI0L0027","TRP","2022-07-31",4471.103
"752","CRPSFI0L0027","TRP","2022-08-31",4471.103
"753","CRPSFI0L0027","TRP","2022-09-30",4471.103
"754","CRPSFI0L0027","TRP","2022-10-31",4471.103
"755","CRPSFI0L0027","TRP","2022-11-30",5357.31
"756","CRPSFI0L0027","TRP","2022-12-31",4932.832
"757","CRPSFI0L0027","TRP","2023-01-31",5328.632
"758","CRPSFI0L0027","TRP","2023-02-28",4828.423
"759","CRPSFI0L0027","TRP","2023-03-31",5362.62
"760","CRPSFI0L0027","TRP","2023-04-30",5350.525
"761","CRPSFI0L0076","TRP","2020-01-31",894
"762","CRPSFI0L0076","TRP","2020-02-29",894
"763","CRPSFI0L0076","TRP","2020-03-31",894
"764","CRPSFI0L0076","TRP","2020-04-30",890
"765","CRPSFI0L0076","TRP","2020-05-31",890
"766","CRPSFI0L0076","TRP","2020-06-30",824
"767","CRPSFI0L0076","TRP","2020-07-31",824
"768","CRPSFI0L0076","TRP","2020-08-31",824
"769","CRPSFI0L0076","TRP","2020-09-30",824
"770","CRPSFI0L0076","TRP","2020-10-31",824
"771","CRPSFI0L0076","TRP","2020-11-30",824
"772","CRPSFI0L0076","TRP","2020-12-31",824
"773","CRPSFI0L0076","TRP","2021-01-31",824
"774","CRPSFI0L0076","TRP","2021-02-28",824
"775","CRPSFI0L0076","TRP","2021-03-31",824
"776","CRPSFI0L0076","TRP","2021-04-30",824
"777","CRPSFI0L0076","TRP","2021-05-31",824
"778","CRPSFI0L0076","TRP","2021-06-30",824
"779","CRPSFI0L0076","TRP","2021-07-31",824
"780","CRPSFI0L0076","TRP","2021-08-31",824
"781","CRPSFI0L0076","TRP","2021-09-30",824
"782","CRPSFI0L0076","TRP","2021-10-31",824
"783","CRPSFI0L0076","TRP","2021-11-30",824
"784","CRPSFI0L0076","TRP","2021-12-31",824
"785","CRPSFI0L0076","TRP","2022-01-31",824
"786","CRPSFI0L0076","TRP","2022-02-28",824
"787","CRPSFI0L0076","TRP","2022-03-31",824
"788","CRPSFI0L0076","TRP","2022-04-30",824
"789","CRPSFI0L0076","TRP","2022-05-31",824
"790","CRPSFI0L0076","TRP","2022-06-30",824
"791","CRPSFI0L0076","TRP","2022-07-31",824
"792","CRPSFI0L0076","TRP","2022-08-31",824
"793","CRPSFI0L0076","TRP","2022-09-30",824
"794","CRPSFI0L0076","TRP","2022-10-31",824
"795","CRPSFI0L0076","TRP","2022-11-30",988.472
"796","CRPSFI0L0076","TRP","2022-12-31",918.257
"797","CRPSFI0L0076","TRP","2023-01-31",892.797
"798","CRPSFI0L0076","TRP","2023-02-28",896.238
"799","CRPSFI0L0076","TRP","2023-03-31",900.046
"800","CRPSFI0L0076","TRP","2023-04-30",893.351
"801","CRVISTAL0014","TRP","2020-01-31",5000
"802","CRVISTAL0014","TRP","2020-02-29",5000
"803","CRVISTAL0014","TRP","2020-03-31",4898.56859255882
"804","CRVISTAL0014","TRP","2020-04-30",4898.56859255882
"805","CRVISTAL0014","TRP","2020-05-31",4800
"806","CRVISTAL0014","TRP","2020-06-30",4800
"807","CRVISTAL0014","TRP","2020-07-31",4800
"808","CRVISTAL0014","TRP","2020-08-31",4800
"809","CRVISTAL0014","TRP","2020-09-30",4800
"810","CRVISTAL0014","TRP","2020-10-31",4800
"811","CRVISTAL0014","TRP","2020-11-30",4775
"812","CRVISTAL0014","TRP","2020-12-31",4755.35714285714
"813","CRVISTAL0014","TRP","2021-01-31",4675
"814","CRVISTAL0014","TRP","2021-02-28",4675
"815","CRVISTAL0014","TRP","2021-03-31",4675
"816","CRVISTAL0014","TRP","2021-04-30",4638.26785714286
"817","CRVISTAL0014","TRP","2021-05-31",4573.12450528571
"818","CRVISTAL0014","TRP","2021-06-30",4500
"819","CRVISTAL0014","TRP","2021-07-31",4500
"820","CRVISTAL0014","TRP","2021-08-31",4500
"821","CRVISTAL0014","TRP","2021-09-30",4500
"822","CRVISTAL0014","TRP","2021-10-31",4300
"823","CRVISTAL0014","TRP","2021-11-30",4250
"824","CRVISTAL0014","TRP","2021-12-31",4250
"825","CRVISTAL0014","TRP","2022-01-31",4078.57142857143
"826","CRVISTAL0014","TRP","2022-02-28",4000
"827","CRVISTAL0014","TRP","2022-03-31",3700
"828","CRVISTAL0014","TRP","2022-04-30",3600
"829","CRVISTAL0014","TRP","2022-05-31",3584.97
"830","CRVISTAL0014","TRP","2022-06-30",3593.4818877551
"831","CRVISTAL0014","TRP","2022-07-31",3580
"832","CRVISTAL0014","TRP","2022-08-31",3580
"833","CRVISTAL0014","TRP","2022-09-30",3580
"834","CRVISTAL0014","TRP","2022-10-31",3580
"835","CRVISTAL0014","TRP","2022-11-30",4523.33958673469
"836","CRVISTAL0014","TRP","2022-12-31",4281.23499489796
"837","CRVISTAL0014","TRP","2023-01-31",4133.54684449761
"838","CRVISTAL0014","TRP","2023-02-28",4144.15744868735
"839","CRVISTAL0014","TRP","2023-03-31",4146.39737470167
"840","CRVISTAL0014","TRP","2023-04-30",4145.45684486874
"841","IE00B5BMR087","TRP","2020-01-31",322.26
"842","IE00B5BMR087","TRP","2020-02-29",290.92
"843","IE00B5BMR087","TRP","2020-03-31",263.5
"844","IE00B5BMR087","TRP","2020-04-30",291.32
"845","IE00B5BMR087","TRP","2020-05-31",301.52
"846","IE00B5BMR087","TRP","2020-06-30",308.3
"847","IE00B5BMR087","TRP","2020-07-31",325.55
"848","IE00B5BMR087","TRP","2020-08-31",350.97
"849","IE00B5BMR087","TRP","2020-09-30",339.62
"850","IE00B5BMR087","TRP","2020-10-31",328.72
"851","IE00B5BMR087","TRP","2020-11-30",366.91
"852","IE00B5BMR087","TRP","2020-12-31",373.58
"853","IE00B5BMR087","TRP","2021-01-31",377.05
"854","IE00B5BMR087","TRP","2021-02-28",389.14
"855","IE00B5BMR087","TRP","2021-03-31",398.88
"856","IE00B5BMR087","TRP","2021-04-30",424.4043
"857","IE00B5BMR087","TRP","2021-05-31",426.5035
"858","IE00B5BMR087","TRP","2021-06-30",435.94
"859","IE00B5BMR087","TRP","2021-07-31",446.64
"860","IE00B5BMR087","TRP","2021-08-31",461.178
"861","IE00B5BMR087","TRP","2021-09-30",442.00416
"862","IE00B5BMR087","TRP","2021-10-31",468.58248
"863","IE00B5BMR087","TRP","2021-11-30",467.275
"864","IE00B5BMR087","TRP","2021-12-31",482.684525
"865","IE00B5BMR087","TRP","2022-01-31",456.913925
"866","IE00B5BMR087","TRP","2022-02-28",448.150635
"867","IE00B5BMR087","TRP","2022-03-31",469.9452
"868","IE00B5BMR087","TRP","2022-04-30",431.6291
"869","IE00B5BMR087","TRP","2022-05-31",425.0751
"870","IE00B5BMR087","TRP","2022-06-30",389.7477
"871","IE00B5BMR087","TRP","2022-07-31",422.0427
"872","IE00B5BMR087","TRP","2022-08-31",409.94077
"873","IE00B5BMR087","TRP","2022-09-30",376.72002
"874","IE00B5BMR087","TRP","2022-10-31",400.04555
"875","IE00B5BMR087","TRP","2022-11-30",407.90755
"876","IE00B5BMR087","TRP","2022-12-31",398.4579
"877","IE00B5BMR087","TRP","2023-01-31",418.702893333333
"878","IE00B5BMR087","TRP","2023-02-28",413.134233333333
"879","IE00B5BMR087","TRP","2023-03-31",423.771366666667
"880","IE00B5BMR087","TRP","2023-04-30",431.57
"881","LU1127514245","TRP","2020-01-31",47.14
"882","LU1127514245","TRP","2020-02-29",43.27
"883","LU1127514245","TRP","2020-03-31",35.8225
"884","LU1127514245","TRP","2020-04-30",38.105
"885","LU1127514245","TRP","2020-05-31",40.085
"886","LU1127514245","TRP","2020-06-30",42.1275
"887","LU1127514245","TRP","2020-07-31",41.645
"888","LU1127514245","TRP","2020-08-31",43.38
"889","LU1127514245","TRP","2020-09-30",42.24
"890","LU1127514245","TRP","2020-10-31",39.9225
"891","LU1127514245","TRP","2020-11-30",47.3125
"892","LU1127514245","TRP","2020-12-31",47.5975
"893","LU1127514245","TRP","2021-01-31",47.2475
"894","LU1127514245","TRP","2021-02-28",49.6325
"895","LU1127514245","TRP","2021-03-31",51.56
"896","LU1127514245","TRP","2021-04-30",53.77
"897","LU1127514245","TRP","2021-05-31",55.145
"898","LU1127514245","TRP","2021-06-30",55.94
"899","LU1127514245","TRP","2021-07-31",56.535
"900","LU1127514245","TRP","2021-08-31",57.565
"901","LU1127514245","TRP","2021-09-30",56.3
"902","LU1127514245","TRP","2021-10-31",57.86
"903","LU1127514245","TRP","2021-11-30",56.81
"904","LU1127514245","TRP","2021-12-31",58.8
"905","LU1127514245","TRP","2022-01-31",57.05
"906","LU1127514245","TRP","2022-02-28",53.94
"907","LU1127514245","TRP","2022-03-31",54.415
"908","LU1127514245","TRP","2022-04-30",53.04
"909","LU1127514245","TRP","2022-05-31",53.77
"910","LU1127514245","TRP","2022-06-30",49.64
"911","LU1127514245","TRP","2022-07-31",52.3791
"912","LU1127514245","TRP","2022-08-31",50.455
"913","LU1127514245","TRP","2022-09-30",46.62
"914","LU1127514245","TRP","2022-10-31",50.95
"915","LU1127514245","TRP","2022-11-30",54.985
"916","LU1127514245","TRP","2022-12-31",53.705
"917","LU1127514245","TRP","2023-01-31",58.955
"918","LU1127514245","TRP","2023-02-28",60.33
"919","LU1127514245","TRP","2023-03-31",60.39
"920","LU1127514245","TRP","2023-04-30",61.17
"921","US46090E1038","TRP","2020-01-31",219.43
"922","US46090E1038","TRP","2020-02-29",201.216666666667
"923","US46090E1038","TRP","2020-03-31",190.485
"924","US46090E1038","TRP","2020-04-30",218.186666666667
"925","US46090E1038","TRP","2020-05-31",232.335
"926","US46090E1038","TRP","2020-06-30",246.615
"927","US46090E1038","TRP","2020-07-31",264.628461538462
"928","US46090E1038","TRP","2020-08-31",296.17
"929","US46090E1038","TRP","2020-09-30",279.011111111111
"930","US46090E1038","TRP","2020-10-31",267.320555555556
"931","US46090E1038","TRP","2020-11-30",299.01
"932","US46090E1038","TRP","2020-12-31",309.375454545455
"933","US46090E1038","TRP","2021-01-31",315.4168
"934","US46090E1038","TRP","2021-02-28",315.6644
"935","US46090E1038","TRP","2021-03-31",312.838888888889
"936","US46090E1038","TRP","2021-04-30",337.493448275862
"937","US46090E1038","TRP","2021-05-31",333.93
"938","US46090E1038","TRP","2021-06-30",354.748
"939","US46090E1038","TRP","2021-07-31",364.653870967742
"940","US46090E1038","TRP","2021-08-31",379.943125
"941","US46090E1038","TRP","2021-09-30",359.553125
"942","US46090E1038","TRP","2021-10-31",384.95
"943","US46090E1038","TRP","2021-11-30",394.163636363636
"944","US46090E1038","TRP","2021-12-31",397.906857142857
"945","US46090E1038","TRP","2022-01-31",362.17
"946","US46090E1038","TRP","2022-02-28",342.988648648649
"947","US46090E1038","TRP","2022-03-31",365.563513513514
"948","US46090E1038","TRP","2022-04-30",316.028378378378
"949","US46090E1038","TRP","2022-05-31",308.44
"950","US46090E1038","TRP","2022-06-30",278.82
"951","US46090E1038","TRP","2022-07-31",315.5
"952","US46090E1038","TRP","2022-08-31",301.43
"953","US46090E1038","TRP","2022-09-30",267.26
"954","US46090E1038","TRP","2022-10-31",277.52
"955","US46090E1038","TRP","2022-11-30",289.94
"956","US46090E1038","TRP","2022-12-31",266.87
"957","US46090E1038","TRP","2023-01-31",293.25
"958","US46090E1038","TRP","2023-02-28",295.69
"959","US46090E1038","TRP","2023-03-31",320.744875
"960","US46090E1038","TRP","2023-04-30",321.77
"961","US4642866655","TRP","2020-01-31",44.75
"962","US4642866655","TRP","2020-02-29",41.84
"963","US4642866655","TRP","2020-03-31",33.79
"964","US4642866655","TRP","2020-04-30",36.8
"965","US4642866655","TRP","2020-05-31",37.1
"966","US4642866655","TRP","2020-06-30",39.72
"967","US4642866655","TRP","2020-07-31",40.21
"968","US4642866655","TRP","2020-08-31",42.5
"969","US4642866655","TRP","2020-09-30",40.53
"970","US4642866655","TRP","2020-10-31",40.16
"971","US4642866655","TRP","2020-11-30",47.07
"972","US4642866655","TRP","2020-12-31",47.3
"973","US4642866655","TRP","2021-01-31",48
"974","US4642866655","TRP","2021-02-28",49.74
"975","US4642866655","TRP","2021-03-31",50.35
"976","US4642866655","TRP","2021-04-30",52.02
"977","US4642866655","TRP","2021-05-31",53.54
"978","US4642866655","TRP","2021-06-30",51.61
"979","US4642866655","TRP","2021-07-31",51.04
"980","US4642866655","TRP","2021-08-31",51.09
"981","US4642866655","TRP","2021-09-30",48.92
"982","US4642866655","TRP","2021-10-31",51.2
"983","US4642866655","TRP","2021-11-30",47.71
"984","US4642866655","TRP","2021-12-31",47.82
"985","US4642866655","TRP","2022-01-31",45.44
"986","US4642866655","TRP","2022-02-28",46.56
"987","US4642866655","TRP","2022-03-31",49.47
"988","US4642866655","TRP","2022-04-30",46.165
"989","US4642866655","TRP","2022-05-31",46.28
"990","US4642866655","TRP","2022-06-30",41.38
"991","US4642866655","TRP","2022-07-31",43.27
"992","US4642866655","TRP","2022-08-31",41.86
"993","US4642866655","TRP","2022-09-30",37.52
"994","US4642866655","TRP","2022-10-31",37.81
"995","US4642866655","TRP","2022-11-30",44.05
"996","US4642866655","TRP","2022-12-31",43.11
"997","US4642866655","TRP","2023-01-31",46.86
"998","US4642866655","TRP","2023-02-28",43.515
"999","US4642866655","TRP","2023-03-31",43.81
"1000","US4642866655","TRP","2023-04-30",44.095
"1001","US4642868065","TRP","2020-01-31",28.54
"1002","US4642868065","TRP","2020-02-29",25.92
"1003","US4642868065","TRP","2020-03-31",21.3114285714286
"1004","US4642868065","TRP","2020-04-30",23.56
"1005","US4642868065","TRP","2020-05-31",25.67125
"1006","US4642868065","TRP","2020-06-30",27.095
"1007","US4642868065","TRP","2020-07-31",28.18
"1008","US4642868065","TRP","2020-08-31",30.16
"1009","US4642868065","TRP","2020-09-30",29.13
"1010","US4642868065","TRP","2020-10-31",26.2
"1011","US4642868065","TRP","2020-11-30",30.73
"1012","US4642868065","TRP","2020-12-31",31.69
"1013","US4642868065","TRP","2021-01-31",31.55
"1014","US4642868065","TRP","2021-02-28",32.131
"1015","US4642868065","TRP","2021-03-31",33.092
"1016","US4642868065","TRP","2021-04-30",34.52
"1017","US4642868065","TRP","2021-05-31",35.78
"1018","US4642868065","TRP","2021-06-30",34.515
"1019","US4642868065","TRP","2021-07-31",34.49125
"1020","US4642868065","TRP","2021-08-31",34.968
"1021","US4642868065","TRP","2021-09-30",33.02
"1022","US4642868065","TRP","2021-10-31",33.727
"1023","US4642868065","TRP","2021-11-30",31.755
"1024","US4642868065","TRP","2021-12-31",32.838125
"1025","US4642868065","TRP","2022-01-31",31.91
"1026","US4642868065","TRP","2022-02-28",29.0066666666667
"1027","US4642868065","TRP","2022-03-31",28.465
"1028","US4642868065","TRP","2022-04-30",26.177
"1029","US4642868065","TRP","2022-05-31",27.31
"1030","US4642868065","TRP","2022-06-30",22.85
"1031","US4642868065","TRP","2022-07-31",23.49
"1032","US4642868065","TRP","2022-08-31",21.89
"1033","US4642868065","TRP","2022-09-30",19.74
"1034","US4642868065","TRP","2022-10-31",21.79
"1035","US4642868065","TRP","2022-11-30",25.31
"1036","US4642868065","TRP","2022-12-31",25.1
"1037","US4642868065","TRP","2023-01-31",27.95
"1038","US4642868065","TRP","2023-02-28",27.33
"1039","US4642868065","TRP","2023-03-31",28.46
"1040","US4642868065","TRP","2023-04-30",29.375
"1041","US4642872349","TRP","2020-01-31",42.005
"1042","US4642872349","TRP","2020-02-29",40.185
"1043","US4642872349","TRP","2020-03-31",34.085
"1044","US4642872349","TRP","2020-04-30",36.53
"1045","US4642872349","TRP","2020-05-31",37.66
"1046","US4642872349","TRP","2020-06-30",39.86
"1047","US4642872349","TRP","2020-07-31",43.12
"1048","US4642872349","TRP","2020-08-31",44.575
"1049","US4642872349","TRP","2020-09-30",44.03
"1050","US4642872349","TRP","2020-10-31",44.555
"1051","US4642872349","TRP","2020-11-30",50.04
"1052","US4642872349","TRP","2020-12-31",50.44
"1053","US4642872349","TRP","2021-01-31",53.5
"1054","US4642872349","TRP","2021-02-28",53.93
"1055","US4642872349","TRP","2021-03-31",52.7
"1056","US4642872349","TRP","2021-04-30",53.89
"1057","US4642872349","TRP","2021-05-31",54.87
"1058","US4642872349","TRP","2021-06-30",55.07
"1059","US4642872349","TRP","2021-07-31",51.545
"1060","US4642872349","TRP","2021-08-31",52.415
"1061","US4642872349","TRP","2021-09-30",50.45
"1062","US4642872349","TRP","2021-10-31",50.755
"1063","US4642872349","TRP","2021-11-30",48.87
"1064","US4642872349","TRP","2021-12-31",48.73
"1065","US4642872349","TRP","2022-01-31",48.73
"1066","US4642872349","TRP","2022-02-28",46.8
"1067","US4642872349","TRP","2022-03-31",45.41
"1068","US4642872349","TRP","2022-04-30",42.62
"1069","US4642872349","TRP","2022-05-31",42.76
"1070","US4642872349","TRP","2022-06-30",39.93
"1071","US4642872349","TRP","2022-07-31",39.83
"1072","US4642872349","TRP","2022-08-31",39.545
"1073","US4642872349","TRP","2022-09-30",34.88
"1074","US4642872349","TRP","2022-10-31",34.175
"1075","US4642872349","TRP","2022-11-30",39.59
"1076","US4642872349","TRP","2022-12-31",38.425
"1077","US4642872349","TRP","2023-01-31",41.275
"1078","US4642872349","TRP","2023-02-28",38.375
"1079","US4642872349","TRP","2023-03-31",39.375
"1080","US4642872349","TRP","2023-04-30",39.105
"1081","US4642876555","TRP","2020-01-31",160.65
"1082","US4642876555","TRP","2020-02-29",144.62
"1083","US4642876555","TRP","2020-03-31",112.98
"1084","US4642876555","TRP","2020-04-30",130.99
"1085","US4642876555","TRP","2020-05-31",138.63
"1086","US4642876555","TRP","2020-06-30",143.13
"1087","US4642876555","TRP","2020-07-31",146.31
"1088","US4642876555","TRP","2020-08-31",156.19
"1089","US4642876555","TRP","2020-09-30",149
"1090","US4642876555","TRP","2020-10-31",152.24
"1091","US4642876555","TRP","2020-11-30",184.37
"1092","US4642876555","TRP","2020-12-31",199.38
"1093","US4642876555","TRP","2021-01-31",206.815
"1094","US4642876555","TRP","2021-02-28",220.22
"1095","US4642876555","TRP","2021-03-31",218.13
"1096","US4642876555","TRP","2021-04-30",225.03
"1097","US4642876555","TRP","2021-05-31",225.5
"1098","US4642876555","TRP","2021-06-30",229.77
"1099","US4642876555","TRP","2021-07-31",220.91
"1100","US4642876555","TRP","2021-08-31",225.69
"1101","US4642876555","TRP","2021-09-30",220.15
"1102","US4642876555","TRP","2021-10-31",227.72
"1103","US4642876555","TRP","2021-11-30",218.65
"1104","US4642876555","TRP","2021-12-31",222.03
"1105","US4642876555","TRP","2022-01-31",199.43
"1106","US4642876555","TRP","2022-02-28",202.625
"1107","US4642876555","TRP","2022-03-31",206.39
"1108","US4642876555","TRP","2022-04-30",185.57
"1109","US4642876555","TRP","2022-05-31",184.68
"1110","US4642876555","TRP","2022-06-30",168.3
"1111","US4642876555","TRP","2022-07-31",187.415
"1112","US4642876555","TRP","2022-08-31",184.39
"1113","US4642876555","TRP","2022-09-30",164.92
"1114","US4642876555","TRP","2022-10-31",183.52
"1115","US4642876555","TRP","2022-11-30",186.08
"1116","US4642876555","TRP","2022-12-31",175.03
"1117","US4642876555","TRP","2023-01-31",190.75
"1118","US4642876555","TRP","2023-02-28",189.57
"1119","US4642876555","TRP","2023-03-31",177.905
"1120","US4642876555","TRP","2023-04-30",175.19
"1121","US46429B6974","TRP","2020-01-31",67.2801
"1122","US46429B6974","TRP","2020-02-29",60.62
"1123","US46429B6974","TRP","2020-03-31",54.14
"1124","US46429B6974","TRP","2020-04-30",58.9301
"1125","US46429B6974","TRP","2020-05-31",61.22
"1126","US46429B6974","TRP","2020-06-30",60.27
"1127","US46429B6974","TRP","2020-07-31",62.955
"1128","US46429B6974","TRP","2020-08-31",65.1541714285714
"1129","US46429B6974","TRP","2020-09-30",63.7907142857143
"1130","US46429B6974","TRP","2020-10-31",61.1435294117647
"1131","US46429B6974","TRP","2020-11-30",66.82
"1132","US46429B6974","TRP","2020-12-31",67.025
"1133","US46429B6974","TRP","2021-01-31",66.0778260869565
"1134","US46429B6974","TRP","2021-02-28",66.0872
"1135","US46429B6974","TRP","2021-03-31",68.9766666666667
"1136","US46429B6974","TRP","2021-04-30",71.9269730769231
"1137","US46429B6974","TRP","2021-05-31",72.58
"1138","US46429B6974","TRP","2021-06-30",73.58
"1139","US46429B6974","TRP","2021-07-31",76.2414285714286
"1140","US46429B6974","TRP","2021-08-31",77.5995714285714
"1141","US46429B6974","TRP","2021-09-30",74.0585714285714
"1142","US46429B6974","TRP","2021-10-31",77.38
"1143","US46429B6974","TRP","2021-11-30",76.58
"1144","US46429B6974","TRP","2021-12-31",79.8055555555556
"1145","US46429B6974","TRP","2022-01-31",75.8252631578947
"1146","US46429B6974","TRP","2022-02-28",73.264
"1147","US46429B6974","TRP","2022-03-31",78.2382666666667
"1148","US46429B6974","TRP","2022-04-30",74.0133333333333
"1149","US46429B6974","TRP","2022-05-31",73.45
"1150","US46429B6974","TRP","2022-06-30",69.96
"1151","US46429B6974","TRP","2022-07-31",73.785
"1152","US46429B6974","TRP","2022-08-31",71.86
"1153","US46429B6974","TRP","2022-09-30",66.1
"1154","US46429B6974","TRP","2022-10-31",71.145
"1155","US46429B6974","TRP","2022-11-30",74.61
"1156","US46429B6974","TRP","2022-12-31",72.605
"1157","US46429B6974","TRP","2023-01-31",72.765
"1158","US46429B6974","TRP","2023-02-28",70.935
"1159","US46429B6974","TRP","2023-03-31",72.65
"1160","US46429B6974","TRP","2023-04-30",73.67
"1161","US46432F3394","TRP","2020-01-31",100.6483
"1162","US46432F3394","TRP","2020-02-29",89.81
"1163","US46432F3394","TRP","2020-03-31",81.375
"1164","US46432F3394","TRP","2020-04-30",90.76
"1165","US46432F3394","TRP","2020-05-31",95.3
"1166","US46432F3394","TRP","2020-06-30",95.32
"1167","US46432F3394","TRP","2020-07-31",99.94
"1168","US46432F3394","TRP","2020-08-31",107.757111111111
"1169","US46432F3394","TRP","2020-09-30",103.98
"1170","US46432F3394","TRP","2020-10-31",100.02
"1171","US46432F3394","TRP","2020-11-30",112.88
"1172","US46432F3394","TRP","2020-12-31",114.461953846154
"1173","US46432F3394","TRP","2021-01-31",112.82
"1174","US46432F3394","TRP","2021-02-28",116.91
"1175","US46432F3394","TRP","2021-03-31",120.87
"1176","US46432F3394","TRP","2021-04-30",127.5
"1177","US46432F3394","TRP","2021-05-31",128.92
"1178","US46432F3394","TRP","2021-06-30",132.761
"1179","US46432F3394","TRP","2021-07-31",137.4
"1180","US46432F3394","TRP","2021-08-31",141.21
"1181","US46432F3394","TRP","2021-09-30",132.66
"1182","US46432F3394","TRP","2021-10-31",141.62
"1183","US46432F3394","TRP","2021-11-30",142.05
"1184","US46432F3394","TRP","2021-12-31",144.14
"1185","US46432F3394","TRP","2022-01-31",134.62
"1186","US46432F3394","TRP","2022-02-28",128.51
"1187","US46432F3394","TRP","2022-03-31",136.09
"1188","US46432F3394","TRP","2022-04-30",124.76
"1189","US46432F3394","TRP","2022-05-31",123.1
"1190","US46432F3394","TRP","2022-06-30",111.22
"1191","US46432F3394","TRP","2022-07-31",121.95
"1192","US46432F3394","TRP","2022-08-31",116.56805625
"1193","US46432F3394","TRP","2022-09-30",103.94
"1194","US46432F3394","TRP","2022-10-31",112.46
"1195","US46432F3394","TRP","2022-11-30",119.97
"1196","US46432F3394","TRP","2022-12-31",114.74816
"1197","US46432F3394","TRP","2023-01-31",121.4
"1198","US46432F3394","TRP","2023-02-28",119.516882352941
"1199","US46432F3394","TRP","2023-03-31",123.894
"1200","US46432F3394","TRP","2023-04-30",125.9
"1201","US46432F3964","TRP","2020-01-31",130.67
"1202","US46432F3964","TRP","2020-02-29",118.2239
"1203","US46432F3964","TRP","2020-03-31",106.895
"1204","US46432F3964","TRP","2020-04-30",118.61
"1205","US46432F3964","TRP","2020-05-31",124.39
"1206","US46432F3964","TRP","2020-06-30",130.455
"1207","US46432F3964","TRP","2020-07-31",139.34
"1208","US46432F3964","TRP","2020-08-31",153.75
"1209","US46432F3964","TRP","2020-09-30",147.67
"1210","US46432F3964","TRP","2020-10-31",140.27
"1211","US46432F3964","TRP","2020-11-30",155.5
"1212","US46432F3964","TRP","2020-12-31",162.24
"1213","US46432F3964","TRP","2021-01-31",163.12
"1214","US46432F3964","TRP","2021-02-28",162.735
"1215","US46432F3964","TRP","2021-03-31",156.28
"1216","US46432F3964","TRP","2021-04-30",172.11
"1217","US46432F3964","TRP","2021-05-31",170.39
"1218","US46432F3964","TRP","2021-06-30",173.42
"1219","US46432F3964","TRP","2021-07-31",175.13
"1220","US46432F3964","TRP","2021-08-31",182.38
"1221","US46432F3964","TRP","2021-09-30",176.64
"1222","US46432F3964","TRP","2021-10-31",190.25
"1223","US46432F3964","TRP","2021-11-30",184.7
"1224","US46432F3964","TRP","2021-12-31",181.5463
"1225","US46432F3964","TRP","2022-01-31",164.31
"1226","US46432F3964","TRP","2022-02-28",159.41
"1227","US46432F3964","TRP","2022-03-31",170.435
"1228","US46432F3964","TRP","2022-04-30",148.56
"1229","US46432F3964","TRP","2022-05-31",146.15
"1230","US46432F3964","TRP","2022-06-30",135.65
"1231","US46432F3964","TRP","2022-07-31",143.34
"1232","US46432F3964","TRP","2022-08-31",141.46
"1233","US46432F3964","TRP","2022-09-30",131.175
"1234","US46432F3964","TRP","2022-10-31",147.5
"1235","US46432F3964","TRP","2022-11-30",151.42
"1236","US46432F3964","TRP","2022-12-31",146.425
"1237","US46432F3964","TRP","2023-01-31",144.32
"1238","US46432F3964","TRP","2023-02-28",139.69
"1239","US46432F3964","TRP","2023-03-31",138.91
"1240","US46432F3964","TRP","2023-04-30",142.3303
"1241","US46435G3341","TRP","2020-01-31",32.605
"1242","US46435G3341","TRP","2020-02-29",28.96
"1243","US46435G3341","TRP","2020-03-31",23.73
"1244","US46435G3341","TRP","2020-04-30",25.3
"1245","US46435G3341","TRP","2020-05-31",25.7
"1246","US46435G3341","TRP","2020-06-30",25.7116666666667
"1247","US46435G3341","TRP","2020-07-31",25.845
"1248","US46435G3341","TRP","2020-08-31",26.75
"1249","US46435G3341","TRP","2020-09-30",25.4866666666667
"1250","US46435G3341","TRP","2020-10-31",24.24
"1251","US46435G3341","TRP","2020-11-30",28.94
"1252","US46435G3341","TRP","2020-12-31",29.305
"1253","US46435G3341","TRP","2021-01-31",29.29
"1254","US46435G3341","TRP","2021-02-28",30.45
"1255","US46435G3341","TRP","2021-03-31",31.425
"1256","US46435G3341","TRP","2021-04-30",32.45
"1257","US46435G3341","TRP","2021-05-31",33.79
"1258","US46435G3341","TRP","2021-06-30",32.58
"1259","US46435G3341","TRP","2021-07-31",32.79
"1260","US46435G3341","TRP","2021-08-31",33.045
"1261","US46435G3341","TRP","2021-09-30",32.365
"1262","US46435G3341","TRP","2021-10-31",33.63
"1263","US46435G3341","TRP","2021-11-30",32.02
"1264","US46435G3341","TRP","2021-12-31",32.865
"1265","US46435G3341","TRP","2022-01-31",33.805
"1266","US46435G3341","TRP","2022-02-28",33.48
"1267","US46435G3341","TRP","2022-03-31",33.73
"1268","US46435G3341","TRP","2022-04-30",32.445
"1269","US46435G3341","TRP","2022-05-31",33.19
"1270","US46435G3341","TRP","2022-06-30",29.795
"1271","US46435G3341","TRP","2022-07-31",30.85
"1272","US46435G3341","TRP","2022-08-31",29
"1273","US46435G3341","TRP","2022-09-30",26.21
"1274","US46435G3341","TRP","2022-10-31",28.005
"1275","US46435G3341","TRP","2022-11-30",31.535
"1276","US46435G3341","TRP","2022-12-31",30.865
"1277","US46435G3341","TRP","2023-01-31",32.505
"1278","US46435G3341","TRP","2023-02-28",32.38
"1279","US46435G3341","TRP","2023-03-31",32.28
"1280","US46435G3341","TRP","2023-04-30",33.89
"1281","US78462F1030","TRP","2020-01-31",322.045
"1282","US78462F1030","TRP","2020-02-29",289.94
"1283","US78462F1030","TRP","2020-03-31",258.13
"1284","US78462F1030","TRP","2020-04-30",290.166666666667
"1285","US78462F1030","TRP","2020-05-31",303.7
"1286","US78462F1030","TRP","2020-06-30",307.692222222222
"1287","US78462F1030","TRP","2020-07-31",324.65
"1288","US78462F1030","TRP","2020-08-31",350
"1289","US78462F1030","TRP","2020-09-30",333.75
"1290","US78462F1030","TRP","2020-10-31",324.35
"1291","US78462F1030","TRP","2020-11-30",363.67
"1292","US78462F1030","TRP","2020-12-31",368.95
"1293","US78462F1030","TRP","2021-01-31",372.95
"1294","US78462F1030","TRP","2021-02-28",383.85
"1295","US78462F1030","TRP","2021-03-31",392.73
"1296","US78462F1030","TRP","2021-04-30",417.49
"1297","US78462F1030","TRP","2021-05-31",420.04
"1298","US78462F1030","TRP","2021-06-30",428.16
"1299","US78462F1030","TRP","2021-07-31",438.1
"1300","US78462F1030","TRP","2021-08-31",451.47
"1301","US78462F1030","TRP","2021-09-30",432.245
"1302","US78462F1030","TRP","2021-10-31",458.04
"1303","US78462F1030","TRP","2021-11-30",457.02
"1304","US78462F1030","TRP","2021-12-31",471.131111111111
"1305","US78462F1030","TRP","2022-01-31",448.172222222222
"1306","US78462F1030","TRP","2022-02-28",433.35
"1307","US78462F1030","TRP","2022-03-31",455.856
"1308","US78462F1030","TRP","2022-04-30",414.658
"1309","US78462F1030","TRP","2022-05-31",413.01
"1310","US78462F1030","TRP","2022-06-30",375.28
"1311","US78462F1030","TRP","2022-07-31",412.26
"1312","US78462F1030","TRP","2022-08-31",397.8
"1313","US78462F1030","TRP","2022-09-30",357.18
"1314","US78462F1030","TRP","2022-10-31",385.92
"1315","US78462F1030","TRP","2022-11-30",403.04
"1316","US78462F1030","TRP","2022-12-31",383.94
"1317","US78462F1030","TRP","2023-01-31",404.254
"1318","US78462F1030","TRP","2023-02-28",398.48
"1319","US78462F1030","TRP","2023-03-31",409.02
"1320","US78462F1030","TRP","2023-04-30",415.07
"1321","US78467Y1073","TRP","2020-01-31",366.02
"1322","US78467Y1073","TRP","2020-02-29",327.26
"1323","US78467Y1073","TRP","2020-03-31",260.8
"1324","US78467Y1073","TRP","2020-04-30",301.25
"1325","US78467Y1073","TRP","2020-05-31",322.05
"1326","US78467Y1073","TRP","2020-06-30",324.34
"1327","US78467Y1073","TRP","2020-07-31",337.21
"1328","US78467Y1073","TRP","2020-08-31",352.41
"1329","US78467Y1073","TRP","2020-09-30",337.22
"1330","US78467Y1073","TRP","2020-10-31",344.38
"1331","US78467Y1073","TRP","2020-11-30",402.66
"1332","US78467Y1073","TRP","2020-12-31",421.31
"1333","US78467Y1073","TRP","2021-01-31",428.91
"1334","US78467Y1073","TRP","2021-02-28",458.29
"1335","US78467Y1073","TRP","2021-03-31",473.88
"1336","US78467Y1073","TRP","2021-04-30",497.42
"1337","US78467Y1073","TRP","2021-05-31",497.76
"1338","US78467Y1073","TRP","2021-06-30",491.46
"1339","US78467Y1073","TRP","2021-07-31",492.14
"1340","US78467Y1073","TRP","2021-08-31",501.72
"1341","US78467Y1073","TRP","2021-09-30",484.75
"1342","US78467Y1073","TRP","2021-10-31",508.02
"1343","US78467Y1073","TRP","2021-11-30",496.28
"1344","US78467Y1073","TRP","2021-12-31",508.78
"1345","US78467Y1073","TRP","2022-01-31",476.79
"1346","US78467Y1073","TRP","2022-02-28",483.26
"1347","US78467Y1073","TRP","2022-03-31",494.645
"1348","US78467Y1073","TRP","2022-04-30",457.87
"1349","US78467Y1073","TRP","2022-05-31",457.82
"1350","US78467Y1073","TRP","2022-06-30",412.04
"1351","US78467Y1073","TRP","2022-07-31",459.35
"1352","US78467Y1073","TRP","2022-08-31",446.34
"1353","US78467Y1073","TRP","2022-09-30",401.66
"1354","US78467Y1073","TRP","2022-10-31",444.05
"1355","US78467Y1073","TRP","2022-11-30",466.96
"1356","US78467Y1073","TRP","2022-12-31",445.54
"1357","US78467Y1073","TRP","2023-01-31",480.44
"1358","US78467Y1073","TRP","2023-02-28",477.52
"1359","US78467Y1073","TRP","2023-03-31",457.39
"1360","US78467Y1073","TRP","2023-04-30",454.16
"1361","US81369Y8030","TRP","2020-01-31",95.92
"1362","US81369Y8030","TRP","2020-02-29",85.8
"1363","US81369Y8030","TRP","2020-03-31",80.82
"1364","US81369Y8030","TRP","2020-04-30",91.13
"1365","US81369Y8030","TRP","2020-05-31",97.04
"1366","US81369Y8030","TRP","2020-06-30",103.951
"1367","US81369Y8030","TRP","2020-07-31",109.71
"1368","US81369Y8030","TRP","2020-08-31",123.96
"1369","US81369Y8030","TRP","2020-09-30",117.24
"1370","US81369Y8030","TRP","2020-10-31",109.84
"1371","US81369Y8030","TRP","2020-11-30",122.66
"1372","US81369Y8030","TRP","2020-12-31",129.04
"1373","US81369Y8030","TRP","2021-01-31",128.83
"1374","US81369Y8030","TRP","2021-02-28",131.24
"1375","US81369Y8030","TRP","2021-03-31",131.08
"1376","US81369Y8030","TRP","2021-04-30",139.62
"1377","US81369Y8030","TRP","2021-05-31",138.4
"1378","US81369Y8030","TRP","2021-06-30",147.67
"1379","US81369Y8030","TRP","2021-07-31",153.51
"1380","US81369Y8030","TRP","2021-08-31",159.13
"1381","US81369Y8030","TRP","2021-09-30",150.22
"1382","US81369Y8030","TRP","2021-10-31",161.09
"1383","US81369Y8030","TRP","2021-11-30",169.09
"1384","US81369Y8030","TRP","2021-12-31",173.23
"1385","US81369Y8030","TRP","2022-01-31",160.62
"1386","US81369Y8030","TRP","2022-02-28",151.99
"1387","US81369Y8030","TRP","2022-03-31",160.97
"1388","US81369Y8030","TRP","2022-04-30",143.11
"1389","US81369Y8030","TRP","2022-05-31",140.46
"1390","US81369Y8030","TRP","2022-06-30",126.4
"1391","US81369Y8030","TRP","2022-07-31",144.23
"1392","US81369Y8030","TRP","2022-08-31",136.29
"1393","US81369Y8030","TRP","2022-09-30",118.78
"1394","US81369Y8030","TRP","2022-10-31",127.8
"1395","US81369Y8030","TRP","2022-11-30",134.12
"1396","US81369Y8030","TRP","2022-12-31",124.83
"1397","US81369Y8030","TRP","2023-01-31",135.36
"1398","US81369Y8030","TRP","2023-02-28",137.61
"1399","US81369Y8030","TRP","2023-03-31",150.93
"1400","US81369Y8030","TRP","2023-04-30",150.29
"1401","US9219108167","TRP","2020-01-31",150.96
"1402","US9219108167","TRP","2020-02-29",138
"1403","US9219108167","TRP","2020-03-31",127.4
"1404","US9219108167","TRP","2020-04-30",146
"1405","US9219108167","TRP","2020-05-31",155.23
"1406","US9219108167","TRP","2020-06-30",162.75
"1407","US9219108167","TRP","2020-07-31",175.21
"1408","US9219108167","TRP","2020-08-31",196.39
"1409","US9219108167","TRP","2020-09-30",184.9
"1410","US9219108167","TRP","2020-10-31",177.95
"1411","US9219108167","TRP","2020-11-30",196.21
"1412","US9219108167","TRP","2020-12-31",201.58
"1413","US9219108167","TRP","2021-01-31",202.96
"1414","US9219108167","TRP","2021-02-28",204.51
"1415","US9219108167","TRP","2021-03-31",203.19
"1416","US9219108167","TRP","2021-04-30",221.83
"1417","US9219108167","TRP","2021-05-31",218.57
"1418","US9219108167","TRP","2021-06-30",231.32
"1419","US9219108167","TRP","2021-07-31",239.4
"1420","US9219108167","TRP","2021-08-31",248.69
"1421","US9219108167","TRP","2021-09-30",236.7
"1422","US9219108167","TRP","2021-10-31",253.2
"1423","US9219108167","TRP","2021-11-30",256.54
"1424","US9219108167","TRP","2021-12-31",260.62
"1425","US9219108167","TRP","2022-01-31",236.66
"1426","US9219108167","TRP","2022-02-28",223.99
"1427","US9219108167","TRP","2022-03-31",237.2
"1428","US9219108167","TRP","2022-04-30",205.69
"1429","US9219108167","TRP","2022-05-31",200.22
"1430","US9219108167","TRP","2022-06-30",180.73
"1431","US9219108167","TRP","2022-07-31",206.11
"1432","US9219108167","TRP","2022-08-31",196.63
"1433","US9219108167","TRP","2022-09-30",175.56
"1434","US9219108167","TRP","2022-10-31",180.74
"1435","US9219108167","TRP","2022-11-30",187.43
"1436","US9219108167","TRP","2022-12-31",172.7
"1437","US9219108167","TRP","2023-01-31",189.44
"1438","US9219108167","TRP","2023-02-28",188.47
"1439","US9219108167","TRP","2023-03-31",204.03
"1440","US9219108167","TRP","2023-04-30",207.56
"1441","US92204A4058","TRP","2020-01-31",74.49
"1442","US92204A4058","TRP","2020-02-29",65.11
"1443","US92204A4058","TRP","2020-03-31",50.68
"1444","US92204A4058","TRP","2020-04-30",55.92
"1445","US92204A4058","TRP","2020-05-31",57.7
"1446","US92204A4058","TRP","2020-06-30",57.06
"1447","US92204A4058","TRP","2020-07-31",58.65
"1448","US92204A4058","TRP","2020-08-31",61.25
"1449","US92204A4058","TRP","2020-09-30",58.19
"1450","US92204A4058","TRP","2020-10-31",58.34
"1451","US92204A4058","TRP","2020-11-30",70.16
"1452","US92204A4058","TRP","2020-12-31",71.75
"1453","US92204A4058","TRP","2021-01-31",72.19
"1454","US92204A4058","TRP","2021-02-28",80.86
"1455","US92204A4058","TRP","2021-03-31",84.67
"1456","US92204A4058","TRP","2021-04-30",90
"1457","US92204A4058","TRP","2021-05-31",93.51
"1458","US92204A4058","TRP","2021-06-30",90.51
"1459","US92204A4058","TRP","2021-07-31",90.15
"1460","US92204A4058","TRP","2021-08-31",94.71
"1461","US92204A4058","TRP","2021-09-30",93.3
"1462","US92204A4058","TRP","2021-10-31",99.49
"1463","US92204A4058","TRP","2021-11-30",94.67
"1464","US92204A4058","TRP","2021-12-31",96.21
"1465","US92204A4058","TRP","2022-01-31",95.64
"1466","US92204A4058","TRP","2022-02-28",94.26
"1467","US92204A4058","TRP","2022-03-31",94.26
"1468","US92204A4058","TRP","2022-04-30",84.48
"1469","US92204A4058","TRP","2022-05-31",87.24
"1470","US92204A4058","TRP","2022-06-30",76.8
"1471","US92204A4058","TRP","2022-07-31",83.08
"1472","US92204A4058","TRP","2022-08-31",81.81
"1473","US92204A4058","TRP","2022-09-30",74.65
"1474","US92204A4058","TRP","2022-10-31",83.56
"1475","US92204A4058","TRP","2022-11-30",88.07
"1476","US92204A4058","TRP","2022-12-31",82.94
"1477","US92204A4058","TRP","2023-01-31",88.61
"1478","US92204A4058","TRP","2023-02-28",87.6
"1479","US92204A4058","TRP","2023-03-31",77.52
"1480","US92204A4058","TRP","2023-04-30",79.46
"1481","US92204A5048","TRP","2020-01-31",186.8
"1482","US92204A5048","TRP","2020-02-29",173.27
"1483","US92204A5048","TRP","2020-03-31",165.77
"1484","US92204A5048","TRP","2020-04-30",187.83
"1485","US92204A5048","TRP","2020-05-31",194.82
"1486","US92204A5048","TRP","2020-06-30",191.84
"1487","US92204A5048","TRP","2020-07-31",201.38
"1488","US92204A5048","TRP","2020-08-31",208.02
"1489","US92204A5048","TRP","2020-09-30",203.43
"1490","US92204A5048","TRP","2020-10-31",196.366153846154
"1491","US92204A5048","TRP","2020-11-30",215
"1492","US92204A5048","TRP","2020-12-31",222.661538461538
"1493","US92204A5048","TRP","2021-01-31",229.338461538462
"1494","US92204A5048","TRP","2021-02-28",225.750769230769
"1495","US92204A5048","TRP","2021-03-31",226.34
"1496","US92204A5048","TRP","2021-04-30",237.783076923077
"1497","US92204A5048","TRP","2021-05-31",239.98
"1498","US92204A5048","TRP","2021-06-30",246.844615384615
"1499","US92204A5048","TRP","2021-07-31",256.599230769231
"1500","US92204A5048","TRP","2021-08-31",262.128461538462
"1501","US92204A5048","TRP","2021-09-30",249.864615384615
"1502","US92204A5048","TRP","2021-10-31",257.804615384615
"1503","US92204A5048","TRP","2021-11-30",249.58
"1504","US92204A5048","TRP","2021-12-31",265.325384615385
"1505","US92204A5048","TRP","2022-01-31",244.51
"1506","US92204A5048","TRP","2022-02-28",241.523076923077
"1507","US92204A5048","TRP","2022-03-31",257.178461538462
"1508","US92204A5048","TRP","2022-04-30",240.558461538462
"1509","US92204A5048","TRP","2022-05-31",241.348461538462
"1510","US92204A5048","TRP","2022-06-30",234.61
"1511","US92204A5048","TRP","2022-07-31",244.277692307692
"1512","US92204A5048","TRP","2022-08-31",232.77
"1513","US92204A5048","TRP","2022-09-30",224.426153846154
"1514","US92204A5048","TRP","2022-10-31",242.524615384615
"1515","US92204A5048","TRP","2022-11-30",252.153846153846
"1516","US92204A5048","TRP","2022-12-31",250
"1517","US92204A5048","TRP","2023-01-31",244.616153846154
"1518","US92204A5048","TRP","2023-02-28",235.243076923077
"1519","US92204A5048","TRP","2023-03-31",238.040769230769
"1520","US92204A5048","TRP","2023-04-30",245.65
"1521","US9229086296","TRP","2020-01-31",177.66
"1522","US9229086296","TRP","2020-02-29",159.89
"1523","US9229086296","TRP","2020-03-31",131.77
"1524","US9229086296","TRP","2020-04-30",150.95
"1525","US9229086296","TRP","2020-05-31",161.23
"1526","US9229086296","TRP","2020-06-30",163.33
"1527","US9229086296","TRP","2020-07-31",173.4
"1528","US9229086296","TRP","2020-08-31",179.98
"1529","US9229086296","TRP","2020-09-30",175.46
"1530","US9229086296","TRP","2020-10-31",175.29
"1531","US9229086296","TRP","2020-11-30",200.63
"1532","US9229086296","TRP","2020-12-31",208.24
"1533","US9229086296","TRP","2021-01-31",206.9
"1534","US9229086296","TRP","2021-02-28",218.23
"1535","US9229086296","TRP","2021-03-31",219.77
"1536","US9229086296","TRP","2021-04-30",232.05
"1537","US9229086296","TRP","2021-05-31",233.9
"1538","US9229086296","TRP","2021-06-30",237.27
"1539","US9229086296","TRP","2021-07-31",240.36
"1540","US9229086296","TRP","2021-08-31",247.468
"1541","US9229086296","TRP","2021-09-30",238.49
"1542","US9229086296","TRP","2021-10-31",251.93
"1543","US9229086296","TRP","2021-11-30",247.19
"1544","US9229086296","TRP","2021-12-31",252.96
"1545","US9229086296","TRP","2022-01-31",233.4
"1546","US9229086296","TRP","2022-02-28",231.07
"1547","US9229086296","TRP","2022-03-31",239.88
"1548","US9229086296","TRP","2022-04-30",220.37
"1549","US9229086296","TRP","2022-05-31",218.45
"1550","US9229086296","TRP","2022-06-30",196.1
"1551","US9229086296","TRP","2022-07-31",215.58
"1552","US9229086296","TRP","2022-08-31",210.57
"1553","US9229086296","TRP","2022-09-30",188.752
"1554","US9229086296","TRP","2022-10-31",204.05
"1555","US9229086296","TRP","2022-11-30",215.38
"1556","US9229086296","TRP","2022-12-31",204.66
"1557","US9229086296","TRP","2023-01-31",218.38
"1558","US9229086296","TRP","2023-02-28",214.75
"1559","US9229086296","TRP","2023-03-31",210.14
"1560","US9229086296","TRP","2023-04-30",208.94
"1561","US97717X7012","TRP","2020-01-31",67.9
"1562","US97717X7012","TRP","2020-02-29",62.02
"1563","US97717X7012","TRP","2020-03-31",50.94
"1564","US97717X7012","TRP","2020-04-30",56.04
"1565","US97717X7012","TRP","2020-05-31",58.66
"1566","US97717X7012","TRP","2020-06-30",60.65
"1567","US97717X7012","TRP","2020-07-31",59.84
"1568","US97717X7012","TRP","2020-08-31",62.07
"1569","US97717X7012","TRP","2020-09-30",61.685
"1570","US97717X7012","TRP","2020-10-31",58.29
"1571","US97717X7012","TRP","2020-11-30",66.45
"1572","US97717X7012","TRP","2020-12-31",65.95
"1573","US97717X7012","TRP","2021-01-31",66.52
"1574","US97717X7012","TRP","2021-02-28",67.16
"1575","US97717X7012","TRP","2021-03-31",71.81
"1576","US97717X7012","TRP","2021-04-30",73.809
"1577","US97717X7012","TRP","2021-05-31",75.93
"1578","US97717X7012","TRP","2021-06-30",76.17
"1579","US97717X7012","TRP","2021-07-31",77.96
"1580","US97717X7012","TRP","2021-08-31",79.65
"1581","US97717X7012","TRP","2021-09-30",76.37
"1582","US97717X7012","TRP","2021-10-31",78.9
"1583","US97717X7012","TRP","2021-11-30",76.61
"1584","US97717X7012","TRP","2021-12-31",80.04
"1585","US97717X7012","TRP","2022-01-31",77.85
"1586","US97717X7012","TRP","2022-02-28",72.93
"1587","US97717X7012","TRP","2022-03-31",73.95
"1588","US97717X7012","TRP","2022-04-30",73.19
"1589","US97717X7012","TRP","2022-05-31",74.08
"1590","US97717X7012","TRP","2022-06-30",65.43
"1591","US97717X7012","TRP","2022-07-31",70.5
"1592","US97717X7012","TRP","2022-08-31",66.21
"1593","US97717X7012","TRP","2022-09-30",62.2
"1594","US97717X7012","TRP","2022-10-31",67.98
"1595","US97717X7012","TRP","2022-11-30",73.27
"1596","US97717X7012","TRP","2022-12-31",71.15
"1597","US97717X7012","TRP","2023-01-31",77
"1598","US97717X7012","TRP","2023-02-28",80.18
"1599","US97717X7012","TRP","2023-03-31",81.98
"1600","US97717X7012","TRP","2023-04-30",82.17
